date,maxtemp_c,maxtemp_f,mintemp_c,mintemp_f,avgtemp_c,avgtemp_f,maxwind_mph,maxwind_kph,totalprecip_mm,totalprecip_in,totalsnow_cm,avgvis_km,avgvis_miles,avghumidity,daily_will_it_rain,daily_chance_of_rain,daily_will_it_snow,daily_chance_of_snow,condition,uv
2026-01-15,8.9,48.0,3.1,37.6,5.8,42.4,13.9,22.3,9.7,0.38,0.0,8.8,5.0,92,1,100,0,0,Light rain shower,0.0
2026-01-14,7.4,45.3,1.0,33.8,3.7,38.7,14.1,22.7,0.2,0.01,0.0,10.0,6.0,86,1,100,0,0,Patchy rain possible,0.0
2026-01-13,9.8,49.6,2.1,35.8,7.3,45.1,13.2,21.2,7.9,0.31,0.0,8.1,5.0,92,1,100,0,0,Light rain shower,0.0
2026-01-12,10.9,51.6,7.2,45.0,9.8,49.6,20.4,32.8,0.4,0.02,0.0,9.0,5.0,88,1,100,0,0,Light rain shower,0.0
2026-01-11,11.7,53.1,5.2,41.4,9.2,48.5,24.2,38.9,5.5,0.22,0.0,7.3,4.0,92,1,100,0,0,Light drizzle,0.0
2026-01-10,5.8,42.4,0.8,33.4,2.4,36.4,11.4,18.4,0.0,0.0,0.0,10.0,6.0,83,0,0,0,0,Patchy rain possible,0.0
2026-01-09,5.7,42.3,3.7,38.7,4.9,40.9,42.9,69.1,2.8,0.11,0.0,9.6,5.0,78,1,100,0,0,Patchy rain possible,0.0
2026-01-08,10.5,50.9,2.5,36.5,6.1,42.9,41.6,67.0,23.7,0.93,3.54,8.2,5.0,92,0,0,1,100,Light rain shower,0.0
2026-01-07,8.8,47.8,2.6,36.7,4.8,40.7,16.6,26.6,0.2,0.01,0.0,9.7,6.0,84,1,100,0,0,Patchy rain possible,0.0
2026-01-06,6.3,43.3,-1.6,29.1,2.4,36.4,19.9,32.0,0.9,0.04,0.0,9.7,6.0,82,1,100,0,0,Patchy rain possible,0.0
2026-01-05,2.7,36.9,-2.0,28.4,-0.3,31.5,9.6,15.5,0.4,0.02,0.29,9.6,5.0,82,0,0,1,100,Moderate or heavy snow showers,0.0
2026-01-04,3.8,38.8,-1.7,28.9,0.1,32.1,10.3,16.6,0.0,0.0,0.0,10.0,6.0,76,0,0,0,0,Partly cloudy,0.0
2026-01-03,3.4,38.1,-1.3,29.7,0.8,33.4,13.2,21.2,0.5,0.02,0.36,9.6,5.0,81,0,0,1,100,Moderate or heavy snow showers,0.0
2026-01-02,4.9,40.8,-0.6,30.9,2.4,36.3,14.3,23.0,0.1,0.0,0.0,10.0,6.0,81,1,100,0,0,Patchy rain possible,0.0
2026-01-01,6.9,44.4,0.2,32.4,3.1,37.6,13.9,22.3,0.1,0.0,0.0,10.0,6.0,83,1,100,0,0,Patchy rain possible,0.0
2025-12-31,4.8,40.6,-0.3,31.5,1.2,34.2,6.9,11.2,0.0,0.0,0.0,10.0,6.0,85,0,0,0,0,Sunny,0.0
2025-12-30,5.9,42.6,0.0,32.0,3.2,37.8,16.6,26.6,0.0,0.0,0.0,10.0,6.0,75,0,0,0,0,Overcast,0.0
2025-12-29,5.5,41.9,0.7,33.3,3.3,38.0,15.0,24.1,0.0,0.0,0.0,10.0,6.0,82,0,0,0,0,Overcast,0.0
2025-12-28,5.4,41.7,2.2,36.0,4.0,39.1,15.0,24.1,0.0,0.0,0.0,10.0,6.0,86,0,0,0,0,Overcast,0.0
2025-12-27,6.6,43.9,0.4,32.7,3.4,38.1,17.4,28.1,0.0,0.0,0.0,10.0,6.0,84,0,0,0,0,Patchy rain possible,0.0
2025-12-26,4.4,39.9,-0.9,30.4,0.9,33.7,12.8,20.5,0.0,0.0,0.0,10.0,6.0,84,0,0,0,0,Cloudy,0.0
2025-12-25,4.3,39.7,-0.1,31.8,1.9,35.5,24.2,38.9,0.0,0.0,0.0,10.0,6.0,73,0,0,0,0,Partly cloudy,0.0
2025-12-24,5.6,42.1,2.1,35.8,4.1,39.4,19.0,30.6,0.0,0.0,0.0,10.0,6.0,77,0,0,0,0,Overcast,0.0
2025-12-23,9.2,48.6,5.2,41.4,7.7,45.8,15.9,25.6,0.2,0.01,0.0,9.3,5.0,89,1,100,0,0,Patchy rain possible,0.0
2025-12-22,10.8,51.4,7.7,45.9,9.9,49.7,15.9,25.6,1.4,0.06,0.0,8.7,5.0,94,1,100,0,0,Patchy rain possible,0.0
2025-12-21,9.2,48.6,6.8,44.2,7.8,46.0,8.3,13.3,8.9,0.35,0.0,7.8,4.0,91,1,100,0,0,Light rain shower,0.0
2025-12-20,9.3,48.7,6.1,43.0,7.9,46.2,22.8,36.7,6.9,0.27,0.0,9.2,5.0,85,1,100,0,0,Light rain shower,0.0
2025-12-19,9.3,48.7,5.5,41.9,6.7,44.0,13.2,21.2,0.0,0.0,0.0,10.0,6.0,85,0,0,0,0,Partly cloudy,0.0
2025-12-18,11.9,53.4,6.6,43.9,9.5,49.1,31.3,50.4,22.3,0.88,0.0,8.7,5.0,90,1,100,0,0,Light rain shower,0.0
2025-12-17,10.6,51.1,3.2,37.8,7.4,45.4,23.0,37.1,9.4,0.37,0.0,8.1,5.0,87,1,100,0,0,Light rain,0.0
2025-12-16,9.8,49.6,3.4,38.1,6.6,43.9,17.7,28.4,2.1,0.08,0.0,10.0,6.0,87,1,100,0,0,Overcast,0.0
2025-12-15,11.5,52.7,7.9,46.2,10.4,50.8,19.9,32.0,15.9,0.63,0.0,7.1,4.0,91,1,100,0,0,Light rain shower,0.0
2025-12-14,11.4,52.5,6.8,44.2,9.8,49.7,19.9,32.0,0.0,0.0,0.0,10.0,6.0,86,0,0,0,0,Patchy rain possible,0.0
2025-12-13,9.3,48.7,4.5,40.1,6.3,43.3,7.8,12.6,0.0,0.0,0.0,10.0,6.0,86,0,0,0,0,Sunny,0.0
2025-12-12,10.4,50.7,5.9,42.6,8.0,46.4,13.0,20.9,7.1,0.28,0.0,9.8,6.0,87,1,100,0,0,Cloudy,0.0
2025-12-11,11.1,52.0,7.2,45.0,9.5,49.1,17.7,28.4,0.6,0.02,0.0,10.0,6.0,91,1,100,0,0,Patchy rain possible,0.0
2025-12-10,11.4,52.5,6.6,43.9,9.1,48.4,11.9,19.1,0.0,0.0,0.0,10.0,6.0,89,0,0,0,0,Cloudy,0.0
2025-12-09,13.5,56.3,8.9,48.0,12.2,53.9,27.5,44.3,11.2,0.44,0.0,7.8,4.0,90,1,100,0,0,Light rain,0.0
2025-12-08,12.7,54.9,10.3,50.5,11.5,52.6,20.4,32.8,4.4,0.17,0.0,8.9,5.0,91,1,100,0,0,Light rain,0.0
2025-12-07,13.8,56.8,9.9,49.8,11.7,53.1,26.2,42.1,7.2,0.28,0.0,9.1,5.0,91,1,100,0,0,Light rain,0.0
2025-12-06,11.1,52.0,8.7,47.7,9.9,49.9,26.2,42.1,0.9,0.04,0.0,10.0,6.0,81,1,100,0,0,Patchy rain possible,0.0
2025-12-05,12.6,54.7,3.2,37.8,8.3,47.0,31.8,51.1,16.3,0.64,0.0,8.6,5.0,85,1,100,0,0,Moderate or heavy rain with thunder,0.0
2025-12-04,8.5,47.3,2.6,36.7,5.3,41.6,21.5,34.6,0.9,0.04,0.0,10.0,6.0,82,1,100,0,0,Light rain shower,0.0
2025-12-03,10.1,50.2,4.3,39.7,7.1,44.8,18.1,29.2,2.4,0.09,0.0,9.9,6.0,86,1,100,0,0,Patchy rain possible,0.0
2025-12-02,9.4,48.9,4.5,40.1,6.3,43.4,12.8,20.5,1.4,0.06,0.0,9.7,6.0,86,1,100,0,0,Light rain shower,0.0
2025-12-01,11.5,52.7,8.8,47.8,10.5,50.8,31.8,51.1,10.3,0.41,0.0,9.1,5.0,91,1,100,0,0,Light rain shower,0.0
2025-11-30,8.2,46.8,3.0,37.4,5.2,41.4,16.1,25.9,0.2,0.01,0.0,9.7,6.0,78,1,100,0,0,Patchy rain possible,0.0
2025-11-29,10.8,51.4,4.2,39.6,7.5,45.6,20.6,33.1,12.0,0.47,0.0,9.6,5.0,86,1,100,0,0,Moderate rain,0.0
2025-11-28,10.7,51.3,6.2,43.2,8.2,46.7,18.8,30.2,0.9,0.04,0.0,9.7,6.0,85,1,100,0,0,Light rain shower,0.0
2025-11-27,13.0,55.4,8.4,47.1,11.1,52.0,16.6,26.6,0.4,0.02,0.0,9.3,5.0,94,1,100,0,0,Patchy rain possible,0.0
2025-11-26,9.8,49.6,1.5,34.7,5.6,42.2,14.8,23.8,7.4,0.29,0.0,7.9,4.0,87,1,100,0,0,Light rain,0.0
2025-11-25,8.4,47.1,1.8,35.2,4.3,39.8,9.4,15.1,0.0,0.0,0.0,10.0,6.0,82,0,0,0,0,Partly cloudy,0.0
2025-11-24,9.1,48.4,5.5,41.9,7.6,45.7,23.3,37.4,4.3,0.17,0.0,9.9,6.0,77,1,100,0,0,Light rain shower,0.0
2025-11-23,10.5,50.9,5.1,41.2,8.1,46.5,18.8,30.2,0.4,0.02,0.0,8.6,5.0,79,1,100,0,0,Patchy rain possible,0.0
2025-11-22,10.6,51.1,5.5,41.9,7.5,45.5,20.6,33.1,3.9,0.15,0.0,8.0,4.0,87,1,100,0,0,Light rain shower,0.0
2025-11-21,6.5,43.7,0.0,32.0,2.1,35.8,6.9,11.2,0.0,0.0,0.0,10.0,6.0,74,0,0,0,0,Cloudy,0.1
2025-11-20,5.7,42.3,-0.3,31.5,1.7,35.1,12.8,20.5,0.0,0.0,0.0,10.0,6.0,67,0,0,0,0,Partly cloudy,0.1
2025-11-19,5.5,41.9,-0.4,31.3,3.4,38.1,17.9,28.8,0.1,0.0,0.0,10.0,6.0,73,1,100,0,0,Patchy rain possible,0.1
2025-11-18,9.0,48.2,0.6,33.1,4.9,40.8,18.3,29.5,1.4,0.06,0.0,9.6,5.0,79,1,100,0,0,Light rain shower,0.0
2025-11-17,6.9,44.4,0.8,33.4,3.5,38.2,13.2,21.2,0.0,0.0,0.0,10.0,6.0,79,0,0,0,0,Sunny,0.1
2025-11-16,10.1,50.2,4.0,39.2,8.6,47.6,15.4,24.8,0.0,0.0,0.0,10.0,6.0,87,0,0,0,0,Patchy rain possible,0.0
2025-11-15,13.0,55.4,9.4,48.9,11.3,52.3,15.0,24.1,0.3,0.01,0.0,7.7,4.0,94,1,100,0,0,Patchy rain possible,0.0
2025-11-14,12.4,54.3,10.7,51.3,11.5,52.7,23.0,37.1,42.0,1.65,0.0,6.5,4.0,96,1,100,0,0,Moderate rain,0.0
2025-11-13,14.7,58.5,11.6,52.9,12.6,54.7,14.8,23.8,0.3,0.01,0.0,8.0,4.0,92,1,100,0,0,Patchy rain possible,0.1
2025-11-12,14.3,57.7,12.3,54.1,13.6,56.4,17.2,27.7,11.0,0.43,0.0,7.5,4.0,94,1,100,0,0,Light rain,0.0
2025-11-11,14.4,57.9,8.3,46.9,12.5,54.5,27.3,43.9,16.1,0.63,0.0,8.9,5.0,90,1,100,0,0,Light rain shower,0.0
2025-11-10,12.3,54.1,8.7,47.7,10.4,50.7,15.7,25.2,3.0,0.12,0.0,9.3,5.0,90,1,100,0,0,Light rain shower,0.1
2025-11-09,13.3,55.9,8.6,47.5,11.5,52.7,19.7,31.7,2.9,0.11,0.0,7.3,4.0,94,1,100,0,0,Light rain shower,0.0
2025-11-08,13.8,56.8,7.6,45.7,9.7,49.5,9.6,15.5,0.0,0.0,0.0,9.7,6.0,87,0,0,0,0,Mist,0.2
2025-11-07,13.8,56.8,9.9,49.8,12.2,54.0,20.8,33.5,3.1,0.12,0.0,9.6,5.0,90,1,100,0,0,Light rain shower,0.1
2025-11-06,16.3,61.3,11.9,53.4,13.7,56.7,10.3,16.6,0.0,0.0,0.0,5.3,3.0,94,0,0,0,0,Fog,0.1
2025-11-05,15.5,59.9,13.6,56.5,14.2,57.5,19.2,31.0,3.7,0.15,0.0,9.3,5.0,91,1,100,0,0,Patchy rain possible,0.1
2025-11-04,14.7,58.5,13.1,55.6,13.9,57.0,26.2,42.1,12.8,0.5,0.0,9.0,5.0,90,1,100,0,0,Moderate rain,0.0
2025-11-03,15.3,59.5,12.0,53.6,13.9,57.0,21.7,34.9,0.1,0.0,0.0,10.0,6.0,82,1,100,0,0,Patchy rain possible,0.1
2025-11-02,11.8,53.2,6.6,43.9,9.4,49.0,21.0,33.8,4.5,0.18,0.0,9.6,5.0,81,1,100,0,0,Patchy rain possible,0.1
2025-11-01,13.7,56.7,7.6,45.7,10.5,50.9,26.4,42.5,2.1,0.08,0.0,9.6,5.0,81,1,100,0,0,Light rain shower,0.2
2025-10-31,16.1,61.0,11.8,53.2,13.9,57.0,28.2,45.4,5.8,0.23,0.0,9.3,5.0,87,1,100,0,0,Light rain shower,0.1
2025-10-30,13.7,56.7,6.0,42.8,10.1,50.2,29.3,47.2,3.9,0.15,0.0,9.6,5.0,85,1,100,0,0,Light drizzle,0.1
2025-10-29,12.7,54.9,6.6,43.9,10.3,50.5,18.8,30.2,4.2,0.17,0.0,8.9,5.0,82,1,100,0,0,Light rain shower,0.3
2025-10-28,14.1,57.4,8.9,48.0,11.8,53.2,18.3,29.5,0.4,0.02,0.0,9.3,5.0,81,1,100,0,0,Light rain shower,0.3
2025-10-27,12.9,55.2,7.7,45.9,11.4,52.6,24.2,38.9,0.4,0.02,0.0,10.0,6.0,78,1,100,0,0,Patchy rain possible,0.2
2025-10-26,12.2,54.0,6.7,44.1,9.7,49.5,21.9,35.3,2.0,0.08,0.0,9.3,5.0,75,1,100,0,0,Light rain,0.1
2025-10-25,10.9,51.6,5.2,41.4,8.3,46.9,18.3,29.5,0.5,0.02,0.0,10.0,6.0,78,1,100,0,0,Patchy rain possible,0.4
2025-10-24,11.9,53.4,5.7,42.3,9.2,48.5,24.6,39.6,1.3,0.05,0.0,10.0,6.0,76,1,100,0,0,Light rain shower,0.3
2025-10-23,11.8,53.2,6.4,43.5,8.8,47.9,30.4,49.0,2.6,0.1,0.0,9.0,5.0,76,1,100,0,0,Patchy rain possible,0.3
2025-10-22,14.8,58.6,7.9,46.2,10.9,51.6,10.1,16.2,1.6,0.06,0.0,7.8,4.0,84,1,100,0,0,Patchy rain possible,0.6
2025-10-21,15.4,59.7,8.7,47.7,11.9,53.4,16.6,26.6,0.0,0.0,0.0,10.0,6.0,81,0,0,0,0,Patchy rain possible,0.5
2025-10-20,14.0,57.2,11.8,53.2,12.8,55.1,23.9,38.5,6.5,0.26,0.0,9.8,6.0,88,1,100,0,0,Light rain shower,0.1
2025-10-19,16.3,61.3,11.7,53.1,14.0,57.2,19.2,31.0,26.0,1.02,0.0,9.4,5.0,89,1,100,0,0,Light rain shower,0.3
2025-10-18,14.6,58.3,11.7,53.1,13.6,56.5,18.8,30.2,0.6,0.02,0.0,9.3,5.0,76,1,100,0,0,Overcast,0.7
2025-10-17,16.0,60.8,7.6,45.7,11.3,52.3,11.4,18.4,0.0,0.0,0.0,10.0,6.0,82,0,0,0,0,Patchy rain possible,1.0
2025-10-16,15.8,60.4,5.9,42.6,10.2,50.3,9.6,15.5,0.0,0.0,0.0,10.0,6.0,82,0,0,0,0,Partly cloudy,1.1
2025-10-15,15.8,60.4,6.8,44.2,10.5,50.9,11.9,19.1,0.0,0.0,0.0,8.7,5.0,82,0,0,0,0,Mist,1.1
2025-10-14,17.3,63.1,8.8,47.8,12.9,55.2,11.2,18.0,0.0,0.0,0.0,9.3,5.0,80,0,0,0,0,Mist,1.1
2025-10-13,18.0,64.4,9.2,48.6,13.1,55.6,12.8,20.5,0.0,0.0,0.0,8.3,5.0,83,0,0,0,0,Patchy rain possible,0.7
2025-10-12,18.1,64.6,8.0,46.4,12.1,53.7,9.4,15.1,0.0,0.0,0.0,10.0,6.0,76,0,0,0,0,Sunny,1.2
2025-10-11,17.6,63.7,9.9,49.8,12.7,54.9,4.7,7.6,0.0,0.0,0.0,10.0,6.0,81,0,0,0,0,Overcast,1.2
2025-10-10,18.0,64.4,9.3,48.7,12.7,54.9,4.3,6.8,0.0,0.0,0.0,10.0,6.0,84,0,0,0,0,Partly cloudy,1.3
2025-10-09,18.3,64.9,7.6,45.7,11.8,53.2,8.1,13.0,0.0,0.0,0.0,10.0,6.0,82,0,0,0,0,Sunny,1.4
2025-10-08,18.0,64.4,7.8,46.0,11.6,53.0,8.7,14.0,0.1,0.0,0.0,10.0,6.0,85,1,100,0,0,Patchy rain possible,1.3
2025-10-07,17.1,62.8,9.3,48.7,12.3,54.1,5.8,9.4,0.0,0.0,0.0,10.0,6.0,82,0,0,0,0,Partly cloudy,1.6
2025-10-06,18.4,65.1,10.2,50.4,13.6,56.4,8.7,14.0,0.0,0.0,0.0,10.0,6.0,80,0,0,0,0,Cloudy,1.3
2025-10-05,14.8,58.6,11.2,52.2,12.9,55.1,19.7,31.7,0.0,0.0,0.0,10.0,6.0,70,0,0,0,0,Patchy rain possible,0.9
2025-10-04,13.5,56.3,9.5,49.1,11.8,53.3,30.0,48.2,6.1,0.24,0.0,9.2,5.0,75,1,100,0,0,Light drizzle,0.9
2025-10-03,16.7,62.1,13.7,56.7,15.1,59.3,20.8,33.5,3.7,0.15,0.0,8.5,5.0,88,1,100,0,0,Patchy rain possible,0.4
2025-10-02,17.9,64.2,10.4,50.7,14.2,57.5,18.1,29.2,2.2,0.09,0.0,9.3,5.0,79,1,100,0,0,Overcast,1.5
2025-10-01,17.8,64.0,9.0,48.2,12.7,54.9,8.5,13.7,0.0,0.0,0.0,10.0,6.0,77,0,0,0,0,Partly cloudy,2.1
2025-09-30,17.5,63.5,7.9,46.2,11.9,53.4,5.8,9.4,0.0,0.0,0.0,10.0,6.0,77,0,0,0,0,Sunny,2.1
2025-09-29,17.0,62.6,7.9,46.2,11.8,53.3,5.6,9.0,0.0,0.0,0.0,10.0,6.0,78,0,0,0,0,Partly cloudy,2.3
2025-09-28,17.6,63.7,8.9,48.0,13.2,55.7,7.8,12.6,1.9,0.07,0.0,8.0,4.0,77,1,100,0,0,Patchy rain possible,2.4
2025-09-27,14.7,58.5,9.7,49.5,12.4,54.3,12.3,19.8,1.3,0.05,0.0,9.7,6.0,85,1,100,0,0,Patchy rain possible,0.6
2025-09-26,15.7,60.3,5.4,41.7,10.5,51.0,8.5,13.7,0.0,0.0,0.0,10.0,6.0,74,0,0,0,0,Patchy rain possible,2.6
2025-09-25,17.4,63.3,6.3,43.3,11.2,52.2,12.8,20.5,0.0,0.0,0.0,10.0,6.0,66,0,0,0,0,Partly cloudy,2.6
2025-09-24,17.2,63.0,7.1,44.8,11.8,53.2,12.1,19.4,0.0,0.0,0.0,10.0,6.0,69,0,0,0,0,Overcast,2.8
2025-09-23,15.3,59.5,5.3,41.5,9.9,49.8,7.8,12.6,0.0,0.0,0.0,10.0,6.0,68,0,0,0,0,Partly cloudy,2.9
2025-09-22,14.3,57.7,4.5,40.1,8.9,48.1,14.8,23.8,0.0,0.0,0.0,10.0,6.0,65,0,0,0,0,Partly cloudy,2.9
2025-09-21,12.0,53.6,7.7,45.9,9.7,49.5,16.3,26.3,0.9,0.04,0.0,9.7,6.0,80,1,100,0,0,Light drizzle,1.2
2025-09-20,16.9,62.4,9.6,49.3,13.4,56.2,19.5,31.3,4.5,0.18,0.0,6.2,3.0,93,1,100,0,0,Light rain shower,1.7
2025-09-19,20.9,69.6,13.2,55.8,16.3,61.4,13.2,21.2,0.0,0.0,0.0,7.8,4.0,84,0,0,0,0,Mist,3.3
2025-09-18,20.7,69.3,14.5,58.1,17.5,63.5,17.9,28.8,0.0,0.0,0.0,8.3,5.0,86,0,0,0,0,Patchy rain possible,2.1
2025-09-17,18.8,65.8,12.9,55.2,16.3,61.3,19.5,31.3,0.9,0.04,0.0,9.7,6.0,89,1,100,0,0,Overcast,0.6
2025-09-16,17.8,64.0,11.0,51.8,13.9,57.1,19.2,31.0,0.5,0.02,0.0,9.7,6.0,74,1,100,0,0,Patchy rain possible,2.0
2025-09-15,16.8,62.2,12.9,55.2,14.4,58.0,27.3,43.9,0.6,0.02,0.0,9.6,5.0,74,1,100,0,0,Light drizzle,2.5
2025-09-14,17.4,63.3,8.8,47.8,13.5,56.3,25.7,41.4,4.3,0.17,0.0,8.2,5.0,90,1,100,0,0,Light rain shower,2.0
2025-09-13,15.6,60.1,9.1,48.4,12.4,54.4,18.1,29.2,3.6,0.14,0.0,9.3,5.0,81,1,100,0,0,Patchy light drizzle,2.1
2025-09-12,16.3,61.3,9.5,49.1,12.8,55.1,16.8,27.0,3.5,0.14,0.0,9.0,5.0,79,1,100,0,0,Light rain shower,2.0
2025-09-11,16.6,61.9,10.4,50.7,13.0,55.5,19.5,31.3,2.5,0.1,0.0,9.5,5.0,79,1,100,0,0,Light rain shower,1.8
2025-09-10,16.4,61.5,11.7,53.1,13.9,57.1,16.6,26.6,3.9,0.15,0.0,8.9,5.0,91,1,100,0,0,Light rain shower,1.8
2025-09-09,17.5,63.5,10.6,51.1,13.8,56.9,19.7,31.7,6.7,0.26,0.0,8.7,5.0,85,1,100,0,0,Light rain,1.4
2025-09-08,19.3,66.7,9.8,49.6,13.7,56.7,14.5,23.4,0.1,0.0,0.0,10.0,6.0,75,1,100,0,0,Patchy rain possible,4.5
2025-09-07,18.5,65.3,10.7,51.3,15.7,60.3,18.6,29.9,3.8,0.15,0.0,8.4,5.0,89,1,100,0,0,Moderate or heavy rain with thunder,3.2
2025-09-06,19.8,67.6,12.3,54.1,17.0,62.6,20.4,32.8,0.1,0.0,0.0,10.0,6.0,73,1,100,0,0,Patchy rain possible,4.8
2025-09-05,19.7,67.5,10.5,50.9,14.7,58.5,7.8,12.6,0.3,0.01,0.0,10.0,6.0,78,1,100,0,0,Patchy rain possible,4.7
2025-09-04,19.8,67.6,11.8,53.2,15.0,59.0,16.1,25.9,4.7,0.19,0.0,9.7,6.0,78,1,100,0,0,Light rain shower,3.5
2025-09-03,19.4,66.9,12.6,54.7,16.7,62.1,28.6,46.1,13.4,0.53,0.0,9.8,6.0,84,1,100,0,0,Light rain shower,1.6
2025-09-02,21.6,70.9,11.3,52.3,15.6,60.2,17.7,28.4,10.8,0.43,0.0,9.3,5.0,84,1,100,0,0,Moderate or heavy rain with thunder,3.2
2025-09-01,19.4,66.9,11.6,52.9,15.5,59.8,18.1,29.2,3.3,0.13,0.0,9.8,6.0,77,1,100,0,0,Light rain shower,2.4
2025-08-31,19.4,66.9,12.0,53.6,15.2,59.4,20.8,33.5,1.6,0.06,0.0,9.3,5.0,77,1,100,0,0,Light rain shower,4.0
2025-08-30,20.4,68.7,11.9,53.4,15.4,59.7,20.6,33.1,2.5,0.1,0.0,8.0,4.0,88,1,100,0,0,Light rain shower,3.9
2025-08-29,19.8,67.6,12.6,54.7,15.8,60.5,19.0,30.6,2.4,0.09,0.0,8.6,5.0,79,1,100,0,0,Light rain shower,3.8
2025-08-28,18.4,65.1,11.0,51.8,14.4,57.9,16.3,26.3,4.1,0.16,0.0,9.0,5.0,81,1,100,0,0,Light rain shower,2.9
2025-08-27,22.2,72.0,11.3,52.3,16.4,61.5,20.4,32.8,1.0,0.04,0.0,10.0,6.0,71,1,100,0,0,Light rain shower,5.0
2025-08-26,23.6,74.5,12.5,54.5,17.9,64.2,17.2,27.7,0.8,0.03,0.0,9.7,6.0,72,1,100,0,0,Patchy rain possible,4.9
2025-08-25,26.4,79.5,13.3,55.9,19.1,66.3,14.8,23.8,0.0,0.0,0.0,10.0,6.0,66,0,0,0,0,Sunny,5.8
2025-08-24,21.5,70.7,13.0,55.4,16.8,62.3,11.9,19.1,0.0,0.0,0.0,9.7,6.0,77,0,0,0,0,Mist,5.9
2025-08-23,22.8,73.0,11.5,52.7,16.8,62.3,11.6,18.7,0.0,0.0,0.0,10.0,6.0,72,0,0,0,0,Partly cloudy,6.0
2025-08-22,23.9,75.0,10.3,50.5,16.8,62.3,7.2,11.5,0.0,0.0,0.0,10.0,6.0,64,0,0,0,0,Partly cloudy,6.1
2025-08-21,22.3,72.1,8.2,46.8,15.2,59.4,11.0,17.6,0.0,0.0,0.0,10.0,6.0,59,0,0,0,0,Partly cloudy,6.2
2025-08-20,23.7,74.7,12.9,55.2,17.9,64.2,15.0,24.1,0.0,0.0,0.0,10.0,6.0,60,0,0,0,0,Overcast,6.2
2025-08-19,24.1,75.4,14.8,58.6,19.5,67.2,15.9,25.6,0.6,0.02,0.0,9.9,6.0,67,1,100,0,0,Patchy rain possible,4.1
2025-08-18,22.2,72.0,13.6,56.5,17.6,63.7,15.9,25.6,0.0,0.0,0.0,10.0,6.0,79,0,0,0,0,Cloudy,6.5
2025-08-17,21.6,70.9,11.7,53.1,16.8,62.2,17.2,27.7,0.0,0.0,0.0,10.0,6.0,74,0,0,0,0,Partly cloudy,6.6
2025-08-16,23.9,75.0,14.7,58.5,19.3,66.7,15.2,24.5,0.0,0.0,0.0,10.0,6.0,72,0,0,0,0,Partly cloudy,6.8
2025-08-15,28.3,82.9,13.7,56.7,20.7,69.3,8.1,13.0,0.0,0.0,0.0,9.3,5.0,66,0,0,0,0,Sunny,6.9
2025-08-14,25.9,78.6,14.5,58.1,19.7,67.4,11.6,18.7,0.0,0.0,0.0,7.2,4.0,74,0,0,0,0,Overcast,6.9
2025-08-13,27.4,81.3,15.2,59.4,20.9,69.6,11.0,17.6,0.0,0.0,0.0,10.0,6.0,62,0,0,0,0,Sunny,7.0
2025-08-12,28.2,82.8,14.8,58.6,21.6,70.9,10.5,16.9,0.0,0.0,0.0,10.0,6.0,57,0,0,0,0,Sunny,7.1
2025-08-11,25.0,77.0,13.5,56.3,19.7,67.4,12.5,20.2,1.1,0.04,0.0,9.9,6.0,58,1,100,0,0,Partly cloudy,7.6
2025-08-10,23.4,74.1,11.3,52.3,17.0,62.6,11.4,18.4,0.0,0.0,0.0,7.7,4.0,73,0,0,0,0,Mist,7.3
2025-08-09,22.3,72.1,11.7,53.1,16.8,62.3,14.5,23.4,0.0,0.0,0.0,9.7,6.0,68,0,0,0,0,Partly cloudy,7.7
2025-08-08,23.5,74.3,12.1,53.8,17.2,63.0,10.3,16.6,0.0,0.0,0.0,10.0,6.0,70,0,0,0,0,Overcast,7.0
2025-08-07,20.8,69.4,11.9,53.4,16.4,61.5,14.5,23.4,0.4,0.02,0.0,8.7,5.0,82,1,100,0,0,Light drizzle,2.4
2025-08-06,21.3,70.3,11.5,52.7,16.9,62.4,12.8,20.5,0.0,0.0,0.0,10.0,6.0,64,0,0,0,0,Partly cloudy,8.1
2025-08-05,20.3,68.5,10.7,51.3,15.5,59.9,19.0,30.6,0.0,0.0,0.0,10.0,6.0,64,0,0,0,0,Patchy rain possible,8.2
2025-08-04,23.8,74.8,12.2,54.0,17.9,64.1,22.8,36.7,0.8,0.03,0.0,9.3,5.0,80,1,100,0,0,Light drizzle,4.5
2025-08-03,21.9,71.4,13.4,56.1,17.8,64.1,15.7,25.2,0.3,0.01,0.0,10.0,6.0,84,1,100,0,0,Patchy rain possible,2.2
2025-08-02,22.3,72.1,9.1,48.4,15.8,60.5,13.2,21.2,0.0,0.0,0.0,10.0,6.0,66,0,0,0,0,Partly cloudy,8.2
2025-08-01,20.2,68.4,10.9,51.6,15.5,59.9,17.0,27.4,0.0,0.0,0.0,9.3,5.0,65,0,0,0,0,Partly cloudy,8.1
2025-07-31,23.6,74.5,12.9,55.2,18.4,65.1,16.1,25.9,6.7,0.26,0.0,9.5,5.0,79,1,100,0,0,Light rain shower,3.9
2025-07-30,23.9,75.0,13.2,55.8,18.4,65.2,14.3,23.0,0.3,0.01,0.0,8.0,4.0,74,1,100,0,0,Patchy rain possible,6.4
2025-07-29,22.1,71.7,12.0,53.7,17.2,62.9,15.9,25.6,2.68,0.11,0.0,8.3,5.0,82,1,100,0,0,Light rain shower,4.9
2025-07-28,22.8,73.1,11.0,51.9,16.9,62.5,14.5,23.4,0.07,0.0,0.0,10.0,6.0,69,0,45,0,0,Patchy rain possible,7.4
2025-07-27,21.8,71.2,11.2,52.1,16.3,61.4,15.9,25.6,0.0,0.0,0.0,10.0,6.0,69,0,45,0,0,Cloudy,8.2
2025-07-26,22.0,71.6,12.5,54.4,16.7,62.1,15.9,25.6,0.62,0.02,0.0,8.0,4.0,76,1,100,0,0,Light drizzle,6.8
2025-07-25,24.4,75.9,11.5,52.6,18.1,64.6,12.8,20.5,0.01,0.0,0.0,9.3,5.0,69,0,45,0,0,Sunny,8.1
2025-07-24,24.0,75.2,11.3,52.3,17.5,63.5,9.8,15.8,0.0,0.0,0.0,9.3,5.0,70,0,45,0,0,Overcast,8.1
2025-07-23,21.5,70.7,13.0,55.4,17.0,62.6,16.3,26.3,2.46,0.1,0.0,9.9,6.0,72,1,100,0,0,Light rain shower,4.6
2025-07-22,21.1,70.0,12.6,54.6,17.5,63.4,14.1,22.7,0.53,0.02,0.0,10.0,6.0,71,1,100,0,0,Patchy rain possible,5.2
2025-07-21,19.5,67.2,11.0,51.8,15.5,59.8,17.0,27.4,2.07,0.08,0.0,9.3,5.0,83,1,100,0,0,Light rain shower,5.7
2025-07-20,20.1,68.2,13.9,57.1,16.8,62.3,22.1,35.6,5.76,0.23,0.0,9.9,6.0,79,1,100,0,0,Light rain shower,2.7
2025-07-19,21.6,70.9,13.9,57.0,17.1,62.8,16.3,26.3,2.73,0.11,0.0,8.5,5.0,78,1,100,0,0,Patchy rain possible,3.1
2025-07-18,23.0,73.5,14.0,57.2,18.3,65.0,10.5,16.9,1.23,0.05,0.0,10.0,6.0,77,1,100,0,0,Light rain shower,2.6
2025-07-17,24.6,76.3,15.8,60.4,20.2,68.4,11.2,18.0,0.2,0.01,0.0,10.0,6.0,76,1,100,0,0,Patchy rain possible,3.7
2025-07-16,21.6,70.9,14.3,57.7,18.1,64.5,13.9,22.3,0.25,0.01,0.0,9.0,5.0,80,1,100,0,0,Patchy rain possible,2.9
2025-07-15,18.9,66.0,12.5,54.5,16.2,61.1,25.3,40.7,0.5,0.02,0.0,10.0,6.0,74,1,100,0,0,Patchy rain possible,2.9
2025-07-14,22.2,72.0,10.8,51.5,17.2,63.0,20.1,32.4,0.16,0.01,0.0,9.7,6.0,69,1,100,0,0,Patchy rain possible,9.0
2025-07-13,24.7,76.4,14.4,57.9,19.6,67.3,11.6,18.7,0.0,0.0,0.0,10.0,6.0,58,0,0,0,0,Partly cloudy,8.7
2025-07-12,25.0,77.0,15.6,60.1,20.2,68.3,9.4,15.1,0.0,0.0,0.0,10.0,6.0,62,0,45,0,0,Sunny,8.7
2025-07-11,25.6,78.2,15.8,60.5,20.9,69.6,8.9,14.4,0.0,0.0,0.0,10.0,6.0,66,0,0,0,0,Sunny,8.8
2025-07-10,26.1,79.0,14.1,57.4,20.4,68.7,8.7,14.0,0.0,0.0,0.0,10.0,6.0,71,0,45,0,0,Sunny,8.8
2025-07-09,23.3,74.0,11.5,52.7,17.7,63.8,6.7,10.8,0.05,0.0,0.0,8.0,4.0,75,0,45,0,0,Patchy rain possible,8.8
2025-07-08,21.2,70.2,10.1,50.2,15.6,60.1,12.3,19.8,0.0,0.0,0.0,9.7,6.0,68,0,45,0,0,Partly cloudy,9.0
2025-07-07,19.4,66.9,10.2,50.4,15.3,59.6,21.0,33.8,0.04,0.0,0.0,10.0,6.0,68,0,45,0,0,Patchy rain possible,6.8
2025-07-06,18.6,65.4,13.1,55.7,16.5,61.7,18.8,30.2,0.12,0.0,0.0,10.0,6.0,74,1,100,0,0,Patchy rain possible,3.1
2025-07-05,18.4,65.1,14.0,57.2,16.1,61.0,13.6,22.0,1.59,0.06,0.0,9.3,5.0,87,1,100,0,0,Light drizzle,2.6
2025-07-04,21.9,71.5,10.3,50.5,16.0,60.7,13.0,20.9,0.0,0.0,0.0,9.7,6.0,71,0,0,0,0,Partly cloudy,9.3
2025-07-03,19.9,67.9,9.0,48.2,14.5,58.1,12.5,20.2,0.05,0.0,0.0,10.0,6.0,70,0,45,0,0,Patchy rain possible,9.4
2025-07-02,20.3,68.5,9.3,48.7,15.5,59.9,17.0,27.4,0.0,0.0,0.0,10.0,6.0,68,0,45,0,0,Partly cloudy,9.3
2025-07-01,24.7,76.4,14.0,57.1,19.1,66.4,12.3,19.8,0.08,0.0,0.0,8.0,4.0,77,0,45,0,0,Patchy rain possible,6.4
2025-06-30,26.7,80.0,15.1,59.2,20.6,69.1,13.4,21.6,0.0,0.0,0.0,9.7,6.0,76,0,0,0,0,Sunny,8.5
2025-06-29,24.2,75.5,13.7,56.7,19.2,66.6,7.2,11.5,0.01,0.0,0.0,8.0,4.0,81,0,45,0,0,Partly cloudy,8.3
2025-06-28,24.4,75.8,16.0,60.8,20.5,68.9,11.6,18.7,0.6,0.02,0.0,9.3,5.0,82,1,100,0,0,Patchy rain possible,2.9
2025-06-27,23.1,73.6,11.8,53.3,18.0,64.3,15.7,25.2,0.0,0.0,0.0,9.3,5.0,75,0,0,0,0,Cloudy,8.7
2025-06-26,20.4,68.6,13.8,56.9,16.8,62.3,19.2,31.0,1.01,0.04,0.0,9.7,6.0,77,1,100,0,0,Light rain shower,5.7
2025-06-25,21.3,70.4,12.2,54.0,17.2,63.0,11.9,19.1,0.41,0.02,0.0,7.7,4.0,85,1,100,0,0,Patchy rain possible,6.8
2025-06-24,20.7,69.3,11.1,52.0,16.7,62.1,13.9,22.3,0.22,0.01,0.0,9.0,5.0,87,1,100,0,0,Patchy rain possible,2.4
2025-06-23,18.9,66.0,11.6,53.0,15.1,59.1,17.2,27.7,0.64,0.03,0.0,10.0,6.0,73,1,100,0,0,Patchy rain possible,7.8
2025-06-22,20.4,68.7,11.5,52.7,16.1,61.0,17.4,28.1,0.57,0.02,0.0,8.3,5.0,79,1,100,0,0,Light rain shower,7.1
2025-06-21,23.1,73.6,13.6,56.5,18.2,64.7,9.6,15.5,0.25,0.01,0.0,9.8,6.0,83,1,100,0,0,Patchy rain possible,8.6
2025-06-20,21.6,70.9,14.7,58.5,18.3,64.9,14.5,23.4,0.21,0.01,0.0,9.9,6.0,77,1,100,0,0,Thundery outbreaks possible,8.7
2025-06-19,21.3,70.3,13.5,56.3,17.7,63.8,13.0,20.9,0.0,0.0,0.0,10.0,6.0,74,0,0,0,0,Cloudy,8.4
2025-06-18,22.2,72.0,10.8,51.4,16.9,62.4,5.8,9.4,0.0,0.0,0.0,8.7,5.0,78,0,45,0,0,Partly cloudy,8.4
2025-06-17,21.1,70.0,10.3,50.6,15.8,60.4,8.5,13.7,0.0,0.0,0.0,10.0,6.0,78,0,0,0,0,Overcast,8.4
2025-06-16,20.1,68.1,10.5,50.9,15.7,60.3,7.4,11.9,0.09,0.0,0.0,8.0,4.0,82,0,45,0,0,Patchy rain possible,8.4
2025-06-15,19.3,66.8,9.7,49.5,14.8,58.6,13.4,21.6,0.22,0.01,0.0,7.3,4.0,80,1,100,0,0,Patchy rain possible,7.3
2025-06-14,18.8,65.8,10.9,51.7,15.7,60.2,15.0,24.1,3.89,0.15,0.0,7.6,4.0,84,1,100,0,0,Light rain shower,4.1
2025-06-13,18.4,65.2,13.2,55.8,15.5,59.8,15.2,24.5,1.91,0.08,0.0,10.0,6.0,85,1,100,0,0,Patchy rain possible,3.6
2025-06-12,20.2,68.3,12.8,55.1,16.3,61.3,17.2,27.7,22.12,0.87,0.0,8.0,4.0,89,1,100,0,0,Light rain shower,2.5
2025-06-11,18.6,65.5,10.3,50.6,15.8,60.5,17.2,27.7,0.03,0.0,0.0,10.0,6.0,81,0,45,0,0,Partly cloudy,8.5
2025-06-10,19.6,67.2,10.2,50.4,15.0,59.1,11.9,19.1,0.7,0.03,0.0,9.7,6.0,87,1,100,0,0,Light rain shower,5.6
2025-06-09,16.8,62.2,8.1,46.6,13.1,55.6,11.2,18.0,0.3,0.01,0.0,10.0,6.0,80,1,100,0,0,Patchy rain possible,6.5
2025-06-08,16.3,61.3,6.7,44.0,11.9,53.5,17.7,28.4,0.28,0.01,0.0,10.0,6.0,76,1,100,0,0,Patchy rain possible,8.4
2025-06-07,15.9,60.5,9.0,48.3,12.2,54.0,21.7,34.9,6.92,0.27,0.0,9.0,5.0,87,1,100,0,0,Light rain shower,4.0
2025-06-06,16.2,61.1,9.5,49.1,12.5,54.5,14.5,23.4,0.5,0.02,0.0,9.8,6.0,76,1,100,0,0,Patchy light drizzle,6.2
2025-06-05,17.1,62.8,9.6,49.4,13.0,55.3,16.1,25.9,5.67,0.22,0.0,8.9,5.0,83,1,100,0,0,Light rain shower,2.0
2025-06-04,15.8,60.4,7.0,44.6,11.9,53.5,14.5,23.4,2.41,0.09,0.0,9.0,5.0,80,1,100,0,0,Light rain shower,6.6
2025-06-03,16.8,62.2,7.7,45.8,13.1,55.7,22.1,35.6,2.78,0.11,0.0,8.9,5.0,76,1,100,0,0,Light rain,6.3
2025-06-02,16.9,62.3,6.8,44.2,12.1,53.8,15.4,24.8,0.0,0.0,0.0,9.7,6.0,75,0,45,0,0,Sunny,8.1
2025-06-01,17.2,63.0,7.9,46.2,13.0,55.4,17.2,27.7,0.5,0.02,0.0,10.0,6.0,78,1,100,0,0,Patchy rain possible,7.4
2025-05-31,20.1,68.1,9.9,49.9,15.8,60.4,15.2,24.5,0.11,0.0,0.0,10.0,6.0,80,1,100,0,0,Patchy rain possible,7.5
2025-05-30,20.3,68.5,12.2,54.0,16.2,61.2,10.7,17.3,1.12,0.04,0.0,7.7,4.0,85,1,100,0,0,Light rain shower,5.8
2025-05-29,21.7,71.0,12.8,55.0,17.4,63.4,16.6,26.6,0.12,0.0,0.0,9.0,5.0,83,1,100,0,0,Patchy rain possible,4.7
2025-05-28,17.5,63.5,10.6,51.1,14.5,58.1,18.3,29.5,0.21,0.01,0.0,10.0,6.0,78,1,100,0,0,Patchy rain possible,4.6
2025-05-27,15.8,60.4,11.9,53.4,14.2,57.5,23.9,38.5,3.03,0.12,0.0,8.0,4.0,89,1,100,0,0,Light rain shower,1.2
2025-05-26,15.3,59.5,8.6,47.5,12.7,54.8,20.4,32.8,2.76,0.11,0.0,9.1,5.0,80,1,100,0,0,Light rain shower,2.8
2025-05-25,15.1,59.1,10.6,51.0,13.4,56.1,20.4,32.8,1.07,0.04,0.0,9.7,6.0,75,1,100,0,0,Patchy rain possible,4.4
2025-05-24,19.8,67.7,12.8,55.1,16.1,61.0,15.4,24.8,7.5,0.3,0.0,9.3,5.0,85,1,100,0,0,Patchy rain possible,1.6
2025-05-23,17.8,64.1,9.2,48.6,13.3,56.0,10.1,16.2,0.1,0.0,0.0,10.0,6.0,83,1,100,0,0,Patchy rain possible,3.0
2025-05-22,18.6,65.5,7.7,45.9,13.7,56.7,15.0,24.1,0.0,0.0,0.0,9.9,6.0,79,0,0,0,0,Overcast,7.0
2025-05-21,16.5,61.8,10.0,49.9,13.1,55.6,8.3,13.3,7.9,0.31,0.0,9.6,5.0,85,1,100,0,0,Heavy rain at times,2.1
2025-05-20,18.9,66.1,7.9,46.3,14.2,57.5,8.3,13.3,0.2,0.01,0.0,10.0,6.0,77,1,100,0,0,Overcast,5.2
2025-05-19,16.3,61.4,7.0,44.6,12.4,54.2,12.3,19.8,0.5,0.02,0.0,9.7,6.0,79,1,100,0,0,Patchy rain possible,6.1
2025-05-18,18.0,64.3,7.7,45.9,12.8,55.1,6.5,10.4,0.0,0.0,0.0,10.0,6.0,76,0,0,0,0,Sunny,6.6
2025-05-17,16.7,62.0,7.2,45.0,12.0,53.6,11.2,18.0,0.0,0.0,0.0,10.0,6.0,80,0,0,0,0,Partly cloudy,6.6
2025-05-16,18.7,65.7,7.1,44.8,13.4,56.1,9.8,15.8,0.0,0.0,0.0,10.0,6.0,78,0,0,0,0,Sunny,6.5
2025-05-15,17.6,63.7,7.5,45.4,13.0,55.4,12.8,20.5,0.0,0.0,0.0,10.0,6.0,78,0,0,0,0,Overcast,6.7
2025-05-14,19.9,67.8,9.2,48.6,14.4,57.9,10.7,17.3,0.0,0.0,0.0,9.7,6.0,80,0,0,0,0,Overcast,6.1
2025-05-13,16.7,62.1,9.6,49.2,13.6,56.5,11.0,17.6,0.0,0.0,0.0,8.3,5.0,85,0,0,0,0,Overcast,5.4
2025-05-12,15.6,60.0,9.2,48.5,12.1,53.7,9.2,14.8,2.2,0.09,0.0,7.0,4.0,92,1,100,0,0,Patchy rain possible,3.6
2025-05-11,16.0,60.8,9.6,49.2,13.0,55.4,11.4,18.4,0.0,0.0,0.0,8.0,4.0,89,0,0,0,0,Overcast,1.4
2025-05-10,17.6,63.6,5.3,41.5,12.3,54.1,13.6,22.0,0.0,0.0,0.0,10.0,6.0,75,0,0,0,0,Overcast,6.3
2025-05-09,15.9,60.7,5.0,41.0,10.6,51.1,11.9,19.1,0.0,0.0,0.0,10.0,6.0,78,0,0,0,0,Overcast,6.1
2025-05-08,14.5,58.1,7.2,44.9,10.8,51.4,13.0,20.9,0.0,0.0,0.0,10.0,6.0,78,0,0,0,0,Overcast,5.8
2025-05-07,17.0,62.6,5.4,41.7,10.4,50.8,9.4,15.1,0.0,0.0,0.0,10.0,6.0,82,0,0,0,0,Overcast,4.9
2025-05-06,13.4,56.2,2.2,36.0,8.8,47.9,11.6,18.7,0.0,0.0,0.0,10.0,6.0,75,0,0,0,0,Sunny,5.9
2025-05-05,12.2,54.0,3.8,38.8,8.5,47.4,14.5,23.4,0.0,0.0,0.0,10.0,6.0,76,0,0,0,0,Overcast,3.4
2025-05-04,13.8,56.8,5.7,42.3,10.3,50.6,14.8,23.8,0.1,0.0,0.0,10.0,6.0,77,1,100,0,0,Patchy rain possible,5.7
2025-05-03,18.4,65.2,9.4,48.8,13.8,56.8,11.9,19.1,0.0,0.0,0.0,10.0,6.0,80,0,0,0,0,Overcast,4.1
2025-05-02,19.5,67.0,10.1,50.1,15.3,59.5,9.6,15.5,0.5,0.02,0.0,10.0,6.0,85,1,100,0,0,Patchy rain possible,5.6
2025-05-01,18.9,65.9,10.5,50.9,14.4,58.0,9.4,15.1,0.0,0.0,0.0,9.3,5.0,84,0,0,0,0,Overcast,5.5
2025-04-30,18.8,65.8,8.3,47.0,13.5,56.3,10.5,16.9,0.0,0.0,0.0,10.0,6.0,80,0,0,0,0,Sunny,5.0
2025-04-29,17.1,62.7,7.6,45.7,12.3,54.2,13.2,21.2,0.0,0.0,0.0,10.0,6.0,76,0,0,0,0,Sunny,4.9
2025-04-28,16.2,61.2,7.3,45.2,11.6,52.8,9.2,14.8,0.0,0.0,0.0,10.0,6.0,80,0,0,0,0,Overcast,4.9
2025-04-27,15.8,60.5,6.9,44.4,11.5,52.6,7.6,12.2,0.0,0.0,0.0,10.0,6.0,85,0,0,0,0,Overcast,4.5
2025-04-26,14.1,57.4,7.5,45.5,10.4,50.7,4.7,7.6,4.5,0.18,0.0,8.3,5.0,88,1,100,0,0,Patchy rain possible,1.7
2025-04-25,12.1,53.9,6.5,43.6,9.4,48.9,14.5,23.4,0.3,0.01,0.0,9.3,5.0,87,1,100,0,0,Overcast,2.1
2025-04-24,13.8,56.9,6.2,43.1,9.7,49.4,7.2,11.5,0.1,0.0,0.0,10.0,6.0,83,1,100,0,0,Patchy rain possible,4.3
2025-04-23,14.3,57.7,7.3,45.2,10.6,51.1,16.9,27.2,3.7,0.15,0.0,9.0,5.0,85,1,100,0,0,Overcast,2.4
2025-04-22,13.0,55.5,4.5,40.0,9.3,48.8,17.8,28.6,5.2,0.2,0.0,9.3,5.0,83,1,100,0,0,Patchy rain possible,1.4
2025-04-21,13.3,56.0,6.3,43.4,9.9,49.9,14.1,22.7,4.3,0.17,0.0,7.8,4.0,84,1,100,0,0,Moderate rain at times,2.4
2025-04-20,12.9,55.2,6.0,42.8,9.3,48.8,10.7,17.3,1.2,0.05,0.0,10.0,6.0,82,1,100,0,0,Overcast,1.1
2025-04-19,12.5,54.4,8.7,47.7,10.6,51.0,22.6,36.4,13.0,0.51,0.0,9.6,5.0,91,1,100,0,0,Moderate or heavy rain shower,0.7
2025-04-18,10.2,50.3,7.8,46.1,9.1,48.4,20.6,33.1,24.5,0.96,0.0,6.8,4.0,96,1,100,0,0,Moderate or heavy rain shower,0.6
2025-04-17,11.8,53.3,2.9,37.3,7.8,46.0,13.2,21.2,1.0,0.04,0.0,9.3,5.0,79,1,100,0,0,Patchy rain possible,3.1
2025-04-16,11.6,52.8,3.9,39.1,8.2,46.8,21.1,34.0,22.4,0.88,0.0,9.8,6.0,80,1,100,0,0,Patchy rain possible,2.0
2025-04-15,10.8,51.5,7.3,45.2,9.1,48.3,13.8,22.3,21.7,0.85,0.0,6.3,3.0,94,1,100,0,0,Moderate or heavy rain shower,0.8
2025-04-14,10.6,51.1,3.8,38.9,8.0,46.4,16.3,26.3,8.2,0.32,0.0,9.3,5.0,91,1,100,0,0,Moderate or heavy rain shower,1.6
2025-04-13,12.3,54.1,4.7,40.5,9.2,48.5,14.1,22.7,1.1,0.04,0.0,9.3,5.0,81,1,100,0,0,Patchy rain possible,1.7
2025-04-12,13.4,56.2,5.6,42.1,10.1,50.1,6.9,11.2,0.0,0.0,0.0,8.0,4.0,83,0,0,0,0,Overcast,2.6
2025-04-11,16.2,61.2,4.3,39.8,10.0,49.9,6.5,10.4,0.0,0.0,0.0,10.0,6.0,80,0,0,0,0,Sunny,3.5
2025-04-10,14.8,58.6,2.5,36.6,8.6,47.6,7.8,12.6,0.0,0.0,0.0,10.0,6.0,79,0,0,0,0,Sunny,3.4
2025-04-09,13.9,57.0,3.9,39.1,8.7,47.6,12.3,19.8,0.0,0.0,0.0,10.0,6.0,79,0,0,0,0,Partly cloudy,3.3
2025-04-08,13.5,56.2,3.1,37.6,8.3,46.9,6.5,10.4,0.0,0.0,0.0,10.0,6.0,75,0,0,0,0,Overcast,3.3
2025-04-07,13.5,56.4,2.4,36.2,7.8,46.0,9.4,15.1,0.0,0.0,0.0,10.0,6.0,71,0,0,0,0,Sunny,3.2
2025-04-06,14.7,58.4,2.8,37.1,9.0,48.2,13.2,21.2,0.0,0.0,0.0,10.0,6.0,75,0,0,0,0,Sunny,3.1
2025-04-05,17.1,62.8,7.9,46.3,12.3,54.2,18.1,29.2,0.0,0.0,0.0,10.0,6.0,77,0,0,0,0,Sunny,3.0
2025-04-04,18.5,65.3,9.5,49.2,13.7,56.6,18.1,29.2,3.5,0.14,0.0,7.8,4.0,81,1,100,0,0,Moderate rain at times,2.4
2025-04-03,14.2,57.6,8.6,47.5,10.6,51.0,18.3,29.5,2.5,0.1,0.0,8.3,5.0,83,1,100,0,0,Heavy rain at times,0.5
2025-04-02,14.9,58.8,4.8,40.7,9.5,49.2,18.8,30.2,0.0,0.0,0.0,10.0,6.0,75,0,0,0,0,Overcast,2.9
2025-04-01,12.3,54.1,4.4,39.9,8.3,46.9,20.4,32.8,0.0,0.0,0.0,10.0,6.0,78,0,0,0,0,Overcast,2.8
2025-03-31,12.2,54.0,4.2,39.6,7.7,45.9,9.6,15.5,0.0,0.0,0.0,10.0,6.0,80,0,0,0,0,Overcast,1.7
2025-03-30,13.5,56.2,5.0,41.0,10.1,50.3,16.1,25.9,0.01,0.0,0.0,10.0,6.0,80,0,45,0,0,Cloudy,2.6
2025-03-29,10.9,51.7,2.4,36.3,7.3,45.2,13.0,20.9,0.0,0.0,0.0,10.0,6.0,79,0,0,0,0,Overcast,1.7
2025-03-28,10.2,50.4,5.1,41.2,8.4,47.2,20.4,32.8,1.8,0.07,0.0,9.0,5.0,79,1,100,0,0,Moderate rain at times,1.9
2025-03-27,14.2,57.5,5.2,41.3,9.4,48.9,11.0,17.6,0.3,0.01,0.0,10.0,6.0,83,1,100,0,0,Patchy rain possible,2.2
2025-03-26,13.8,56.9,7.3,45.1,9.9,49.8,4.7,7.6,0.0,0.0,0.0,10.0,6.0,86,0,0,0,0,Cloudy,1.8
2025-03-25,13.5,56.4,4.6,40.2,8.9,48.0,10.7,17.3,0.0,0.0,0.0,8.7,5.0,89,0,0,0,0,Overcast,1.8
2025-03-24,12.3,54.1,5.2,41.3,8.8,47.8,13.9,22.3,0.1,0.0,0.0,10.0,6.0,80,1,100,0,0,Cloudy,1.9
2025-03-23,13.3,55.9,7.0,44.7,10.0,50.1,12.8,20.5,0.8,0.03,0.0,7.1,4.0,88,1,100,0,0,Patchy rain possible,0.7
2025-03-22,12.1,53.7,7.9,46.3,9.8,49.7,11.8,19.0,2.8,0.11,0.0,6.3,3.0,92,1,100,0,0,Heavy rain at times,0.4
2025-03-21,12.5,54.5,8.5,47.2,10.1,50.2,17.7,28.4,4.9,0.19,0.0,9.5,5.0,91,1,100,0,0,Moderate rain at times,0.6
2025-03-20,13.4,56.0,7.7,45.9,10.0,49.9,13.4,21.6,0.0,0.0,0.0,7.0,4.0,89,0,0,0,0,Overcast,1.5
2025-03-19,12.2,54.0,1.6,34.9,6.8,44.3,13.0,20.9,0.0,0.0,0.0,9.3,5.0,88,0,0,0,0,Overcast,1.3
2025-03-18,8.4,47.2,1.7,35.1,5.4,41.7,20.4,32.8,0.0,0.0,0.0,10.0,6.0,79,0,0,0,0,Partly cloudy,1.6
2025-03-17,8.0,46.5,3.4,38.1,5.4,41.8,14.8,23.8,0.1,0.0,0.0,10.0,6.0,84,1,100,0,0,Patchy rain possible,0.9
2025-03-16,7.8,46.1,-2.7,27.1,3.3,38.0,14.1,22.7,0.0,0.0,0.0,10.0,6.0,76,0,0,0,0,Overcast,1.1
2025-03-15,7.8,46.0,0.7,33.2,3.8,38.9,14.3,23.0,0.3,0.01,0.0,10.0,6.0,83,1,100,0,0,Patchy rain possible,1.3
2025-03-14,7.4,45.2,-0.8,30.6,3.0,37.4,6.9,11.2,0.1,0.0,0.0,10.0,6.0,79,1,100,0,0,Patchy rain possible,1.1
2025-03-13,5.6,42.1,-0.3,31.5,2.6,36.7,13.2,21.2,0.1,0.0,0.0,10.0,6.0,79,1,100,0,0,Patchy rain possible,0.6
2025-03-12,6.8,44.3,-0.1,31.8,3.0,37.4,14.1,22.7,1.7,0.07,0.0,10.0,6.0,87,1,100,0,0,Heavy rain at times,0.6
2025-03-11,8.1,46.6,2.4,36.3,5.9,42.6,15.9,25.6,0.0,0.0,0.0,9.3,5.0,80,0,0,0,0,Overcast,0.3
2025-03-10,13.0,55.5,8.9,48.1,10.5,50.9,13.9,22.3,0.2,0.01,0.0,10.0,6.0,84,1,100,0,0,Patchy rain possible,0.3
2025-03-09,13.1,55.6,7.3,45.2,10.3,50.6,13.6,22.0,0.0,0.0,0.0,10.0,6.0,82,0,0,0,0,Overcast,0.6
2025-03-08,11.4,52.5,7.9,46.1,9.6,49.3,15.2,24.5,0.5,0.02,0.0,9.3,5.0,91,1,100,0,0,Overcast,0.2
2025-03-07,10.7,51.3,8.8,47.9,9.7,49.5,14.8,23.8,1.0,0.04,0.0,8.3,5.0,95,1,100,0,0,Patchy rain possible,0.1
2025-03-06,11.2,52.2,6.0,42.7,8.9,48.1,16.3,26.3,7.03,0.28,0.0,8.7,5.0,90,1,100,0,0,Moderate or heavy rain shower,0.7
2025-03-05,11.6,52.9,0.9,33.6,5.3,41.6,9.6,15.5,0.0,0.0,0.0,10.0,6.0,84,0,0,0,0,Sunny,0.9
2025-03-04,9.6,49.3,-1.8,28.7,3.6,38.5,7.2,11.5,0.0,0.0,0.0,10.0,6.0,75,0,0,0,0,Sunny,0.9
2025-03-03,9.5,49.2,-0.9,30.4,3.5,38.3,4.3,6.8,0.0,0.0,0.0,10.0,6.0,76,0,0,0,0,Sunny,0.8
2025-03-02,7.9,46.3,0.1,32.3,3.5,38.3,5.8,9.4,0.0,0.0,0.0,10.0,6.0,77,0,0,0,0,Overcast,0.7
2025-03-01,9.0,48.2,-0.8,30.6,3.4,38.2,5.6,9.0,0.0,0.0,0.0,10.0,6.0,78,0,0,0,0,Sunny,0.7
2025-02-28,8.6,47.5,0.9,33.6,3.9,39.1,5.6,9.0,0.0,0.0,0.0,10.0,6.0,79,0,0,0,0,Sunny,0.7
2025-02-27,8.9,48.0,2.0,35.6,5.1,41.2,17.0,27.4,0.1,0.0,0.0,10.0,6.0,80,1,100,0,0,Patchy rain possible,0.7
2025-02-26,8.6,47.4,3.3,38.0,5.9,42.5,15.2,24.5,10.0,0.39,0.0,8.9,5.0,89,1,100,0,0,Moderate or heavy rain shower,0.3
2025-02-25,9.5,49.1,3.5,38.3,6.7,44.1,15.0,24.1,3.2,0.13,0.0,9.3,5.0,83,1,100,0,0,Cloudy,0.6
2025-02-24,12.2,54.0,6.1,43.1,9.3,48.8,14.1,22.7,7.1,0.28,0.0,8.8,5.0,87,1,100,0,0,Patchy rain possible,0.3
2025-02-23,10.4,50.8,5.7,42.2,9.2,48.5,25.3,40.7,30.8,1.21,0.0,7.9,4.0,92,1,100,0,0,Moderate or heavy rain shower,0.2
2025-02-22,12.1,53.8,5.9,42.6,8.4,47.2,12.8,20.5,0.7,0.03,0.0,9.3,5.0,86,1,100,0,0,Patchy rain possible,0.5
2025-02-21,12.0,53.5,8.4,47.2,10.8,51.5,25.9,41.8,9.3,0.37,0.0,8.0,4.0,93,1,100,0,0,Moderate or heavy rain shower,0.1
2025-02-20,12.2,54.0,10.5,50.8,11.3,52.3,20.8,33.5,10.5,0.41,0.0,9.5,5.0,95,1,100,0,0,Moderate or heavy rain shower,0.1
2025-02-19,10.6,51.0,6.3,43.3,8.2,46.8,16.8,27.0,5.6,0.22,0.0,8.1,5.0,90,1,100,0,0,Heavy rain at times,0.1
2025-02-18,7.1,44.8,4.9,40.8,6.0,42.7,19.5,31.3,0.0,0.0,0.0,10.0,6.0,75,0,0,0,0,Overcast,0.3
2025-02-17,7.7,45.9,3.9,39.1,6.0,42.8,14.8,23.8,0.0,0.0,0.0,10.0,6.0,81,0,0,0,0,Overcast,0.1
2025-02-16,7.1,44.8,3.5,38.4,5.1,41.2,14.3,23.0,0.3,0.01,0.0,10.0,6.0,79,1,100,0,0,Patchy rain possible,0.2
2025-02-15,7.1,44.7,4.9,40.8,6.1,43.0,14.8,23.8,5.2,0.2,0.0,8.0,4.0,82,1,100,0,0,Moderate rain at times,0.1
2025-02-14,6.8,44.3,5.0,41.0,5.6,42.2,19.9,32.0,4.7,0.19,0.0,6.2,3.0,89,1,100,0,0,Moderate rain at times,0.0
2025-02-13,5.7,42.3,0.7,33.3,3.6,38.5,18.6,29.9,0.0,0.0,0.0,10.0,6.0,79,0,0,0,0,Overcast,0.1
2025-02-12,6.3,43.3,1.6,34.9,3.7,38.6,11.4,18.4,0.0,0.0,0.0,9.7,6.0,81,0,0,0,0,Overcast,0.1
2025-02-11,4.9,40.7,1.5,34.6,3.1,37.5,7.4,11.9,0.0,0.0,0.0,10.0,6.0,86,0,0,0,0,Overcast,0.0
2025-02-10,4.3,39.8,2.2,36.0,3.2,37.8,16.3,26.3,2.5,0.1,0.0,8.8,5.0,95,1,100,0,0,Patchy rain possible,0.0
2025-02-09,6.1,43.0,2.5,36.6,4.2,39.6,16.8,27.0,0.5,0.02,0.0,9.7,6.0,88,1,100,0,0,Overcast,0.0
2025-02-08,4.9,40.8,2.2,36.0,3.6,38.4,13.2,21.2,0.4,0.02,0.0,8.3,5.0,96,1,100,0,0,Patchy rain possible,0.0
2025-02-07,4.0,39.2,0.6,33.2,2.6,36.8,19.5,31.3,0.3,0.01,0.0,9.3,5.0,82,1,100,0,0,Patchy rain possible,0.0
2025-02-06,7.1,44.8,-0.1,31.8,2.8,37.0,14.5,23.4,0.0,0.0,0.0,10.0,6.0,82,0,0,0,0,Sunny,0.2
2025-02-05,8.3,47.0,2.9,37.2,5.0,41.0,7.4,11.9,0.1,0.0,0.0,10.0,6.0,84,1,100,0,0,Patchy rain possible,0.1
2025-02-04,10.3,50.6,5.4,41.7,8.0,46.4,21.0,33.8,0.9,0.04,0.0,9.6,5.0,86,1,100,0,0,Moderate rain at times,0.1
2025-02-03,10.0,50.0,6.0,42.8,7.8,46.1,12.1,19.4,0.2,0.01,0.0,10.0,6.0,86,1,100,0,0,Patchy rain possible,0.1
2025-02-02,7.8,46.1,5.8,42.4,6.5,43.7,16.8,27.0,0.0,0.0,0.0,10.0,6.0,81,0,0,0,0,Overcast,0.1
2025-02-01,8.3,47.0,1.8,35.2,5.0,41.0,15.7,25.2,0.0,0.0,0.0,10.0,6.0,87,0,0,0,0,Overcast,0.1
2025-01-31,8.5,47.3,3.0,37.4,6.2,43.1,16.6,26.6,4.39,0.17,0.0,9.5,5.0,86,1,100,0,0,Patchy rain possible,0.1
2025-01-30,7.2,45.0,2.1,35.7,4.1,39.4,15.9,25.6,0.0,0.0,0.0,10.0,6.0,82,0,0,0,0,Overcast,0.1
2025-01-29,6.5,43.7,3.7,38.6,5.0,41.0,17.7,28.4,8.84,0.35,0.0,8.8,5.0,89,1,100,0,0,Moderate or heavy rain shower,0.0
2025-01-28,7.8,46.1,4.7,40.5,6.8,44.3,25.5,41.0,6.7,0.26,0.0,9.3,5.0,86,1,100,0,0,Moderate or heavy rain shower,0.0
2025-01-27,8.6,47.4,5.1,41.2,6.7,44.1,29.0,46.7,3.5,0.14,0.0,8.4,5.0,83,1,100,0,0,Moderate rain at times,0.0
2025-01-26,8.9,48.0,3.9,39.0,6.8,44.2,34.5,55.5,35.11,1.38,0.0,9.0,5.0,88,1,100,0,0,Moderate or heavy rain shower,0.0
2025-01-25,7.1,44.9,2.0,35.6,4.5,40.1,9.8,15.8,1.25,0.05,0.0,9.3,5.0,80,1,100,0,0,Overcast,0.1
2025-01-24,11.1,52.0,6.3,43.3,8.3,46.9,34.0,54.7,15.1,0.59,0.0,9.5,5.0,76,1,100,0,0,Moderate rain at times,0.0
2025-01-23,8.1,46.5,1.3,34.4,5.9,42.6,22.4,36.1,6.6,0.26,0.0,9.2,5.0,83,1,100,0,0,Moderate or heavy rain shower,0.0
2025-01-22,6.5,43.8,2.0,35.6,4.6,40.2,8.9,14.4,3.2,0.13,0.0,6.8,4.0,93,1,100,0,0,Patchy rain possible,0.0
2025-01-21,8.4,47.0,3.1,37.5,5.7,42.3,11.9,19.1,0.1,0.0,0.0,10.0,6.0,87,1,100,0,0,Overcast,0.0
2025-01-20,8.2,46.8,3.6,38.5,5.8,42.5,6.3,10.1,3.5,0.14,0.0,10.0,6.0,87,1,100,0,0,Moderate rain at times,0.0
2025-01-19,7.3,45.2,1.9,35.4,4.1,39.3,5.0,8.1,0.0,0.0,0.0,10.0,6.0,85,0,0,0,0,Partly cloudy,0.1
2025-01-18,8.3,46.9,3.0,37.4,4.6,40.4,6.5,10.4,0.0,0.0,0.0,10.0,6.0,86,0,0,0,0,Sunny,0.1
2025-01-17,8.3,46.9,3.5,38.3,6.0,42.8,9.8,15.8,0.0,0.0,0.0,10.0,6.0,87,0,0,0,0,Sunny,0.0
