id,password,email,lastReservationTime,streak
c9360e87-3186-4c30-8fc7-2ce1e60819ed,XXFAN,salomo@aol.com,2026-01-15T18:07:02.752322,1
568af656-2762-499e-80a1-a1bc5e7b7a24,AW9NM,micheal@gmail.com,2026-01-08T18:15:03.797992,2
75949266-12d1-415a-bdaf-456ea9b92536,HS3Y2,eduard@gmail.com,2026-01-12T13:15:32.487701,2
fbe6ee4e-d4e2-42e2-a033-a1c465bc8b9e,6SD98,garfinkel@aol.com,2026-01-13T21:47:45.218707,2
3fb8ecd2-09f4-46b2-89bb-d7c31670b04c,LWFZB,judy@icloud.com,2026-01-10T14:14:12.401954,6
285fab47-3479-4fb0-9ced-700eefcdc02d,VYQVT,jacquie@gmail.com,2025-12-31T18:45:23.891959,0
09d73ced-8aa4-4e6e-80b9-80732a6f7258,XMNYY,garvin@outlook.com,2026-01-12T15:32:06.222905,2
15962eb4-e666-4481-8222-6c588d4aee40,NS3SB,noellyn@aol.com,2026-01-11T13:43:16.458860,1
2705a621-89e5-4648-83f8-7f3397738e16,AYBHV,maible@icloud.com,2026-01-14T11:32:42.209797,2
6c16c7e1-ce96-4ecf-b92e-82cf59ec1ee8,CJPRV,liliane@gmail.com,2026-01-02T15:56:24.567770,0
d4175031-87d9-489d-98e1-382a97cb9f19,NMQZ4,peirce@yahoo.com,2026-01-07T14:41:53.075966,3
48087ea6-df1b-44dc-bd07-7594c73e691c,NG06A,ronen@outlook.com,2026-01-10T15:47:57.851122,1
c68b2bbb-41c8-4ade-bf73-e4edb2bcc2b5,2SIEM,elisabet@icloud.com,2026-01-13T19:26:42.494268,2
04ef2879-d731-4f9e-ae92-6943af393e7d,75YKE,melina@icloud.com,2026-01-12T15:41:43.329290,1
2d6a90be-467f-4a78-9728-8d82d1e4a68b,RMYQ0,caresa@outlook.com,2026-01-09T20:06:20.809332,4
53da8491-400d-4e96-b3a4-d57510a6fea1,L5XQ2,lonee@outlook.com,2026-01-14T21:48:29.800968,1
f72d77e7-d98b-400c-8c50-c460575c696b,BAAUJ,hebert@yahoo.com,2026-01-13T14:07:59.494169,1
f2fc95e1-8fae-445f-a009-d2c81e49c177,QCUZ7,renaud@gmail.com,2025-12-30T19:21:43.836716,0
70777970-ba38-4d2b-95ea-211e000ad398,V62UM,ailey@aol.com,2025-12-21T12:57:17.648345,0
fc48cbdb-ba48-4dd0-bbdf-fcacb5d341cc,AZ626,steffi@aol.com,2025-12-31T14:45:29.697865,0
6d373a72-4f3f-4090-a19e-1e1844d1b94f,2NDML,tine@icloud.com,2026-01-01T15:37:51.801216,0
90410f40-7b40-40ee-91e9-3519f1f03aee,WHVYU,dave@aol.com,2026-01-11T20:54:43.418728,2
7ad8d909-a378-4b48-ba89-e3504a8044b7,CLYZL,kostas@aol.com,2025-12-15T11:51:05.500278,0
b7d4ff77-ef6e-468f-a60f-868a6e89dc44,BRPGY,wells@aol.com,2026-01-10T19:34:42.894569,2
05983e20-84ec-4073-adf8-ec46c089f623,DI8N4,katrina@aol.com,2025-12-31T16:50:08.245353,0
95f28e4c-777f-4c62-9dc3-94556bed2e0f,SF6LS,anett@icloud.com,2025-12-21T19:50:45.799487,0
cc1746c2-a475-46dc-9434-d7dc95b3b5ad,IQ43I,dyna@aol.com,2026-01-09T21:26:47.296767,1
caece141-d1d1-4a98-a835-98c4268499a4,PBDUL,margie@gmail.com,2026-01-15T15:27:29.682790,2
ff099876-fadc-473e-9c71-3b9bcf781744,RMLEI,electra@yahoo.com,2026-01-04T14:44:24.914268,0
f4e608ec-dea8-4f5c-9b7e-b185242c37bd,B2K7V,anette@icloud.com,2026-01-09T21:12:31.826613,3
285f3927-4fcd-4248-98cf-e0273b7a166f,EX4V2,averyl@aol.com,2026-01-13T19:46:16.044789,1
1cdc9b6c-8a43-490d-bcb5-41afcbed6578,ONNO3,josiah@yahoo.com,2026-01-14T21:06:39.885531,1
953fdbb2-31d5-4a51-bf59-e5a3adf6c566,8SB45,nisse@outlook.com,2026-01-10T20:19:36.546848,1
b761e467-4335-4009-b888-7359ed160ffb,E53H5,ave@icloud.com,2026-01-14T15:34:02.152596,1
1ab85f63-f8de-4a63-92fe-0b70ae7d3c85,AGFZK,lion@yahoo.com,2026-01-14T18:20:36.091686,1
e8a72cb5-7776-4417-8e7d-d06d70df5a15,5VDYT,caralie@gmail.com,2025-12-28T20:39:54.327039,0
24c594e5-7109-4e3d-8376-84c28e83bd2a,X2SWQ,irene@aol.com,2026-01-15T19:32:46.381541,2
cc35801e-2636-409b-b9f3-a62756ca1a99,B4AF1,aggy@gmail.com,2026-01-01T12:11:13.704296,0
c6311970-017a-4318-ae3d-80a6fefc7d95,OV14E,colin@yahoo.com,2025-12-21T14:32:59.463017,0
e7baa826-5cfa-45e2-8519-a2d6077c0cab,DCAIE,katha@icloud.com,2026-01-08T13:52:42.668870,3
d00bafd9-abb6-430c-a386-7fbc5170cb13,I7RH1,bernita@icloud.com,2026-01-04T17:11:38.695949,0
c8c7d98e-38cc-452a-85f5-aaeb60e43ceb,IDV89,mariejeanne@outlook.com,2025-12-24T21:04:21.281227,0
01cc878d-7c14-496b-a5e8-893683aeffa7,EREKH,goddard@aol.com,2025-12-31T21:18:27.362913,0
414a9d1a-f0a8-44b5-a9ec-6f03fe75b6e8,MOLV1,sally@aol.com,2026-01-11T16:06:30.675131,6
43830bd3-2f7c-4eda-83b6-7aeb115075cc,6WWCM,roland@icloud.com,2026-01-01T20:54:15.952585,0
2626e0c4-6a8a-42ed-9e16-7995005b8d36,4XPKM,filipe@gmail.com,2026-01-15T15:52:19.426281,7
31669139-360d-4b14-a545-e1154903a540,RNFWJ,walden@outlook.com,2025-12-29T19:47:35.244812,0
01db3ec8-2a8e-48ce-bdc4-dbfe1e470742,667VC,hildy@aol.com,2026-01-04T14:13:26.265556,0
df7037f6-85cd-47f5-8e76-72584c3c6f9d,WW4FM,jillie@aol.com,2025-12-31T14:36:08.390765,0
418ce8db-2713-4eaf-b9c9-00e2994e15e5,LT4S5,jessey@aol.com,2026-01-07T19:36:17.721381,1
86a93ee3-b8e1-4801-9a90-e1d097074821,L2ICY,leslie@yahoo.com,2026-01-11T14:23:04.485300,1
0c62b69b-3bf7-45a0-8e7a-a3a1c42b87c5,EHG0L,hamnet@aol.com,2025-12-31T16:01:14.211461,0
636edb5d-d5a8-4916-98a8-057ca22cc2e0,QMZ1I,dodi@aol.com,2026-01-07T14:18:45.416394,2
4f674fb4-362e-4f3a-a820-bf76f98d55fb,XWZML,ave@gmail.com,2025-12-25T15:36:48.828334,0
5e1dd45c-3673-4a4f-9380-498ecfd2bcce,YKRYS,fifi@outlook.com,2026-01-11T14:34:09.505781,3
583fab17-c089-4f74-b524-0d8dc06f8778,P3FQT,prasun@yahoo.com,2025-12-31T16:52:19.336032,0
e52b28d6-1b3f-409d-8088-cb8047db422f,2TSLD,lucas@yahoo.com,2026-01-04T21:17:20.583113,0
78d349f2-39d1-4e43-8698-5d6090b1948b,467TN,lewis@yahoo.com,2026-01-04T17:02:37.019696,0
b134670e-447a-48e4-b0a1-805abd791934,4DIBT,cacilia@gmail.com,2026-01-04T21:03:21.564760,0
4099213c-7f28-4c50-acc6-b29b67a911a3,S8U4C,sully@gmail.com,2026-01-11T14:34:07.371381,6
4e8cb6b7-bf09-4465-a7e9-6b774ae2c584,MOC7S,esme@icloud.com,2026-01-14T16:34:30.812911,4
8458c2bf-b8bb-48b2-9789-5050c26fd027,ASOFM,davis@icloud.com,2026-01-15T16:32:33.578256,1
68597831-9d44-42ce-828f-cffe6186a88b,HO20S,mathilde@gmail.com,2026-01-13T13:09:55.426013,1
038ed841-074b-499e-be8d-734a662b8a93,8YMX3,gav@yahoo.com,2026-01-14T12:15:26.767206,1
7af425f5-7802-4e7a-990f-8e708f1ae59e,F2SGT,shelbi@outlook.com,2026-01-09T14:36:31.217141,3
9457551f-80d1-4436-b66f-cf641f2b320c,AFQQL,jonah@outlook.com,2025-12-28T14:39:47.737520,0
4aed5cba-1cf7-4d7c-93a7-e28e4ad7e980,P1H87,yigal@outlook.com,2025-12-17T19:00:27.782458,0
6e955041-8941-494f-80a8-020a7f4cc453,WNMBK,rosana@icloud.com,2025-12-31T21:55:43.553405,0
15c050ab-1c5b-43bb-adf3-c0295634d547,K5L7C,tommie@yahoo.com,2025-12-22T13:23:28.604059,0
e662d4a0-6c92-4f25-8a53-032fd3f3c4ad,265D8,gussie@yahoo.com,2025-12-24T20:43:10.197546,0
11fab130-7ef1-4e6b-9df3-6023227bcd23,9MJBH,alexis@outlook.com,2026-01-07T12:23:27.740831,5
93d6d210-2b20-45aa-9dfb-eb01f9a69add,W9LY6,rhea@yahoo.com,2026-01-06T10:03:44.149522,2
e98c7137-9166-42bd-880a-a12180eb0861,DR67S,kaari@aol.com,2026-01-07T12:04:03.083754,3
df5489e6-e148-4303-83be-ee6caf19b166,OMG7E,karry@yahoo.com,2025-12-29T19:42:02.148143,0
a8d5dc0a-b7bd-4260-9de9-967eca91f683,Z9EXH,reginauld@icloud.com,2026-01-08T21:50:32.336214,6
e786e515-2502-49e5-a587-366aa53b39e6,Q7QDX,sorcha@yahoo.com,2025-12-28T21:35:12.532360,0
3e4f0467-1592-4ac3-b4c5-347e70bf3620,XXFTG,ty@icloud.com,2025-12-13T21:02:59.869357,0
c09298ce-8507-4b49-9bef-c2997c7c87a6,I0R6F,eli@aol.com,2026-01-09T13:57:25.810380,9
9a8ea6fa-ee0f-4835-9a17-aa160babdcbb,I7828,sharra@outlook.com,2026-01-10T20:49:37.976969,3
1c777789-58a8-421d-8604-22f627dec75a,VSWJO,ellen@outlook.com,2026-01-12T20:07:16.365071,1
c0fbc0fc-883e-480b-b76d-b66c90b15fc1,YPB3E,marmaduke@aol.com,2026-01-11T18:06:54.400059,1
dd86d65c-ad15-4230-a0ee-e75148999450,YYAET,ariella@outlook.com,2026-01-12T11:28:06.462419,1
3af84438-4f94-4513-9476-d443f4548820,DXZ43,dasi@yahoo.com,2026-01-04T15:59:32.778497,0
cdbe3708-daa6-4d3a-b0d3-37c1c5c64001,26AM8,igor@gmail.com,2026-01-15T19:48:28.679245,1
0ed4286e-0293-4ff9-9bfc-62ae5102ca3a,J6JZE,jo ann@icloud.com,2026-01-15T19:56:20.260633,1
87153983-50de-4b10-8eab-5e58012f71e2,V05P9,ashlie@outlook.com,2025-12-31T13:36:05.426810,0
b0b89ac8-ebeb-4100-90be-3790c6d8d32b,9DJZ5,reinhard@aol.com,2026-01-13T15:06:45.103144,6
d7cec63f-b8aa-47be-aca3-c6be0af96661,ADAI7,karine@icloud.com,2026-01-07T21:07:32.424143,4
c71a7aa2-49b6-4c37-95f9-ea165df42c19,1NC68,grissel@aol.com,2025-12-31T12:18:16.148348,0
06a97170-f4cd-44d3-bace-995f321e4360,94QT8,paolo@gmail.com,2026-01-02T20:44:31.989567,0
3a8f3f3d-d44a-4ac3-8baa-661d6fa976e0,LOLZG,hart@gmail.com,2026-01-06T14:41:26.871187,2
62b57d0b-eafd-4cd3-b118-fa9601a0467d,CLNLJ,derrin@outlook.com,2026-01-13T13:10:02.271477,2
232bea06-0922-42fc-a8fc-59e1a52a97f7,AMIHO,meier@icloud.com,2025-12-31T11:58:44.838068,0
cd369bda-2f1c-488a-b78f-18233e1bb2aa,4KB2X,lacy@yahoo.com,2025-12-31T17:41:58.658556,0
c4afeefb-aea1-4a57-8746-b5deeee9662b,N4NGP,gerard@gmail.com,2025-12-31T17:51:55.753566,0
d79d279b-6b5d-48a2-b49a-34192aaed0b6,U4GWZ,walter@aol.com,2026-01-11T11:07:19.597080,5
c9f2e5aa-9ead-4fdd-9586-2c67e66f690b,0K17B,clair@gmail.com,2025-12-31T18:54:45.780300,0
e2afa309-a8ff-48f4-a7c5-f42159a29737,ILALT,hynda@aol.com,2026-01-11T18:08:50.202599,1
45e3c6db-c949-4fe7-87ef-effec2266528,4B9Y9,clemente@aol.com,2025-12-25T15:00:36.328331,0
9388d7e0-ee9d-4de5-bb89-ed3ff7fb2d85,3LTRP,phip@icloud.com,2026-01-04T19:57:16.622589,0
e78ebb16-d04e-4c52-8b39-b7b9428e29e2,EHAQ8,juergen@yahoo.com,2025-12-26T19:12:09.117135,0
c20f1b2e-9038-4580-9ca6-98f4ddc19789,S0CFG,helen-elizabeth@gmail.com,2026-01-09T19:28:05.146554,5
1b871032-aca8-4eec-9300-fb91dc5c7bc2,U5PIV,auroora@aol.com,2026-01-10T12:44:24.564214,1
915ffaa5-f318-48f8-b88f-5c305892b755,666TL,julio@aol.com,2025-12-25T14:04:53.268544,0
0f7e686f-1d79-457f-919e-bde881172223,7T5IV,willi@aol.com,2025-12-25T14:50:49.786678,0
4c8a8100-4299-48f7-b1b6-871cb0fb44b5,QWQXZ,al@gmail.com,2026-01-11T16:50:02.588181,5
b6a5d28c-e8ed-490f-bf3d-29fa8e515eaa,TTFH6,cole@gmail.com,2025-12-28T14:27:41.433787,0
8a3d18b4-eb82-4c7c-bdec-62291c860c9e,NWBQ2,amelie@gmail.com,2025-12-27T14:32:48.671575,0
b9364e80-8114-4dc4-8962-0faf0a30dfc1,C8DYW,scot@aol.com,2026-01-13T19:00:41.653777,1
a575e692-7165-43ec-9cd4-35684d581176,YHI7H,concordia@icloud.com,2026-01-11T17:14:38.665696,2
2def2044-b2c2-48ba-a640-2f549a934666,9GFEC,maryann@icloud.com,2026-01-09T12:49:36.966765,6
83b1a443-813a-44f8-a662-fa0e92dd08b3,21NSV,elonore@aol.com,2026-01-13T13:03:53.002064,1
9d077863-ca9e-4805-b302-351465fc4b43,YF3QY,nadia@outlook.com,2026-01-04T21:45:36.362772,0
97c197b8-2605-4b11-ac19-d7f005f6fa7f,HYPWE,bertram@aol.com,2026-01-08T19:48:08.111785,3
3edc3e4d-7724-4302-8b31-d30b687fe233,7JIBW,ottilie@aol.com,2026-01-12T16:42:54.358622,2
7d3931c1-262d-47e4-8a7c-8ed309e7099f,YD1GV,hermione@icloud.com,2026-01-07T15:18:55.721756,3
b1eddb4f-f330-4453-b60b-040f9cf13c62,ER9VB,trudy@gmail.com,2026-01-13T17:03:59.725877,1
c8ed7d8b-74ac-4794-8751-de009c6fce42,L4O62,belita@outlook.com,2025-12-26T20:32:25.130583,0
dcb55144-8aa1-49cf-81f9-a37aa19e00c1,KE3OK,legra@yahoo.com,2026-01-11T11:58:08.114398,3
f3ca2991-dca9-4327-8de2-e1942567c60e,1CGF5,belicia@gmail.com,2026-01-13T19:03:29.151446,1
0e34f6ef-f96d-4d88-bcbe-6f8cd00183f1,Z3DPT,herold@yahoo.com,2026-01-13T20:23:27.328995,1
c4eb8ae6-cd1c-47ee-acec-16d3186789f7,H8PYG,edythe@icloud.com,2025-12-31T21:08:18.346099,0
ca066b99-1936-4f13-991c-3610c3b6b445,L6QRJ,roselin@icloud.com,2026-01-14T17:10:21.909151,3
25069219-f2a1-4dc9-8ee4-d8a0fc31b907,0HWAU,madelyn@icloud.com,2026-01-10T20:51:19.322146,10
c2df280c-cf0e-4735-ab76-84c6ee45ffb1,WEQ2N,lurlene@icloud.com,2025-12-26T19:21:57.948779,0
b27e349c-bc50-4f7d-bd3b-59258697cbf9,TES0O,colleen@icloud.com,2026-01-09T13:46:35.561845,1
e995b041-8e0b-47cd-b594-b71ddd3128fa,NZX0M,rosy@icloud.com,2026-01-02T10:01:17.996429,0
3dcae7f9-2591-4322-bedd-db7ffbee31d9,7UKAT,lira@yahoo.com,2026-01-13T13:36:02.937347,1
08e17187-024c-425e-bd99-ee15ec8af0a6,T82FY,lorraine@outlook.com,2026-01-13T21:19:21.094063,4
27f2460e-066c-47b9-b31a-264a21dcc479,UH6ZJ,atalanta@gmail.com,2026-01-06T09:06:00.500368,1
f854fe02-dcda-4ce4-bd87-a804a68d3b7c,354YR,lorrie@gmail.com,2026-01-14T18:21:50.596343,6
72411ad0-c9d1-452e-b541-625b803dda99,NKPWH,francesco@icloud.com,2026-01-08T13:02:17.038364,4
34b4f9b6-553c-4a74-a719-79a4abc361a5,DQERB,dayle@yahoo.com,2026-01-06T16:24:30.329328,1
44fae04b-6c8a-4cd5-8035-e038378acfb1,5UN47,linette@icloud.com,2026-01-09T21:56:45.967893,1
efa479fc-4763-4aa8-854a-f167a49d5ec9,07VY0,roddy@icloud.com,2026-01-15T20:11:11.645233,5
5e030ec3-3235-4dff-91fa-df268fca08b3,E16OM,barty@yahoo.com,2025-12-29T20:22:11.542768,0
32643f6e-7b36-45fc-be5c-8062e5cd64fc,JF6IS,myrilla@gmail.com,2025-12-22T20:02:02.402285,0
b2d71676-b221-4b6a-ba5c-ec45d1549fa3,5364Y,marinna@icloud.com,2026-01-15T12:46:47.518280,1
f2f33b76-1d32-48e9-b00b-7dedaa3cc028,9APUS,waverley@icloud.com,2026-01-06T14:56:48.845816,9
feb07d6d-f203-4743-9e37-53308af704ea,XBMXQ,aristotle@icloud.com,2026-01-13T12:28:18.125376,1
e9ade865-d1df-49af-9070-d5ceebfe63a0,S0N9S,nari@icloud.com,2026-01-14T21:42:59.876112,6
e9080abf-9d40-44ce-b549-0014913b565f,5SOYE,nydia@outlook.com,2026-01-07T19:11:27.651041,3
38bdc608-2bd2-4673-a134-bfbc71bb7dae,WXSEV,alanah@icloud.com,2026-01-12T13:30:29.320475,1
13be01f8-2e79-4693-9a8c-294a2abea107,JKDKA,carter@icloud.com,2026-01-11T14:43:07.183737,3
d3d9c1db-eb43-4a42-979e-1e6acf6d1dd7,E9AOZ,florrie@icloud.com,2025-12-30T19:04:08.415220,0
987db05d-2b86-4245-98b1-4693d1555937,3HZSX,dee dee@gmail.com,2026-01-13T15:15:27.869558,1
444ee456-0c48-4b12-8b74-9a25cdba81f3,PUG6O,cristy@gmail.com,2025-12-28T14:42:42.830396,0
19587de0-9ac4-4681-adee-f651e6a7fc41,P2WAU,joyous@outlook.com,2026-01-14T19:10:51.850164,1
404c9882-c50b-4aab-9a76-02e637c92c61,JZB6I,kristina@outlook.com,2026-01-07T20:27:00.609837,1
70481ffe-e89a-4c7d-a3c7-cf97ec4a4cf4,POXXD,dmitri@icloud.com,2026-01-04T15:37:02.623377,0
e396d40c-21f4-4aff-a999-f3ed7766094f,DZAQY,bharat@gmail.com,2026-01-09T18:26:07.805807,1
6c4b59b4-a781-4adf-a86d-ba827fc540bf,1ATXG,fawne@gmail.com,2026-01-13T15:37:35.266556,2
8e0af9a3-3557-44a9-a8c1-06b4293d7355,9Q4R6,lynna@outlook.com,2026-01-12T14:09:03.919910,1
0d2c684a-7083-43ff-bb64-2c5697b167fc,AGVDC,amaleta@gmail.com,2026-01-02T20:31:41.691362,0
b59bcbd3-f692-4f85-9f9a-cdfbfb28a324,QP7EQ,richie@aol.com,2025-12-29T18:44:52.759024,0
ab21a6f3-a852-42d2-97eb-4a14d05425a7,3D8U1,dedra@outlook.com,2025-12-30T14:57:06.201077,0
aa2d1c04-d057-4d9a-804a-ee877a413b0d,G6HIB,laurianne@icloud.com,2026-01-10T19:28:52.645627,5
80bbdea1-e732-49fb-8fd9-9205dfd9f340,Y9F9R,estrellita@outlook.com,2026-01-04T14:48:48.543156,0
b6b801b5-1c5d-4b14-b296-d62cf4e8ffb8,2JI9J,fletch@gmail.com,2025-12-24T20:36:01.289263,0
8dd4941c-8ad6-4e0e-93cf-5ae3485e3081,GTMPN,gavra@icloud.com,2026-01-13T21:30:59.094935,1
b6b66824-05d1-4c17-8b52-938baa25fa0c,NH63E,fanny@aol.com,2026-01-06T11:27:32.076421,1
232c29f8-4dae-4197-a046-94e0410bf01f,WYG8L,francis@gmail.com,2026-01-10T13:43:09.539418,2
40f6f333-31b5-4218-aa34-07830d2f08e9,3ZWUM,patti@gmail.com,2025-12-24T19:35:59.816853,0
9dfb220d-cfc5-482d-87dc-14a04d1dfe3a,30M3M,harri@outlook.com,2025-12-26T19:25:35.045747,0
e8cdd863-b79b-41de-9af2-fcd24c5fb8f0,WHF3L,horacio@icloud.com,2025-12-27T13:10:00.799225,0
abaf091c-2d14-49ee-8657-5ac7807448a2,0GS8G,anet@aol.com,2026-01-14T19:20:14.749218,3
31f1c13e-8054-4eff-93bc-e9052c41092b,RAB7B,violet@outlook.com,2026-01-12T11:39:13.319644,7
65cdedd5-2670-400d-be1b-c7ff8dc777fb,1O2FK,dietrich@icloud.com,2026-01-12T21:55:41.409272,1
4b6e20c6-d87c-4fa3-8b7c-5616dbe92df0,DKDKU,martelle@gmail.com,2025-12-29T13:43:38.025251,0
d562a1c5-bad6-4237-bfa8-ef0701cff2ba,OF5SK,laurence@aol.com,2025-12-26T16:31:30.704141,0
a53d8d52-9ebf-4c93-bb7f-aa3a243154eb,LXXH2,philomena@aol.com,2026-01-11T12:01:54.022048,6
e63acad5-4f95-4094-8255-ff2d3140e46f,FYBR5,minnie@icloud.com,2025-12-28T14:09:07.419133,0
b184ca70-1c90-4fe5-a479-9e25ddffa248,07IN1,moina@gmail.com,2025-12-27T19:49:21.603727,0
e74d71ca-679e-40fd-8ff8-6f18180ca14b,3IEBQ,carlynne@icloud.com,2026-01-15T18:20:21.757719,3
3707de00-f206-4568-a9e0-a8953d8f6063,ZG79L,ash@gmail.com,2025-12-31T19:54:58.467551,0
d7f57c1a-b01a-4847-aeda-a41cf47bd377,M2OJF,ingram@gmail.com,2026-01-10T19:49:30.715130,1
696c28c7-93fd-4a63-bcff-22d442eb1982,P1XKM,natala@gmail.com,2026-01-06T21:51:00.198603,1
bf7eb331-8324-48cb-8e27-f0f0e5b4bd40,6YY7A,stormie@icloud.com,2026-01-11T14:48:44.255746,2
6085e950-2831-4fdd-aa4f-7a3c181aea6b,T39DJ,whittaker@aol.com,2026-01-06T20:24:56.862221,2
242125d1-18c8-4100-9dd8-fb89ed4e24d8,FZ3XL,britani@yahoo.com,2026-01-07T11:40:57.335901,1
a7ce6c7d-6b5f-4b6d-aa73-5dcd27de068a,DFCP3,konrad@gmail.com,2026-01-04T14:55:06.071828,0
a004bdd3-556b-465b-9e3e-febd16bc6384,ZHWYK,allegra@outlook.com,2026-01-04T21:41:58.956701,0
465b1cb8-6ea7-4b61-97d0-5be15f18090d,GUTX9,ryann@aol.com,2025-12-25T21:10:28.324035,0
a5763ce9-e60c-4798-9d33-e87ec6b52358,761SN,vijay@icloud.com,2026-01-11T13:07:36.405408,3
5da9ea69-09f0-4d6a-9187-e484e5bfbfaf,O6HPK,gavrielle@yahoo.com,2026-01-08T16:02:28.945556,1
19c63420-e46b-46ea-8b79-d7f429d0b294,ZROGX,ham@icloud.com,2026-01-15T14:48:46.813350,2
d3238e7f-18d7-4cf4-8dc3-5b43a1583ed2,UABWA,avivah@outlook.com,2026-01-12T16:45:13.855197,1
ada17af1-49d2-42f1-891f-9cd3ace2bb8a,FLKDL,sara-ann@gmail.com,2026-01-12T18:12:43.844581,1
9f2f21cc-5785-429d-9a82-50d061981b4d,JGBNQ,ariela@icloud.com,2026-01-04T12:41:19.675560,0
fc2f4d6d-d3e0-47f0-9cce-f1168cf9ac68,K4FXB,pieter@outlook.com,2026-01-02T20:55:02.397438,0
cdcc8e85-23b8-47dd-b6f1-d856110adb0d,HT336,pyotr@outlook.com,2025-12-27T14:04:56.709553,0
4dc32fb7-66a3-49d0-a09a-1a460c109760,JKGSZ,randi@outlook.com,2026-01-11T14:50:53.644575,2
eb5f19a3-9144-4ae6-a1a2-8e4a1d03415f,FZS4Q,webb@yahoo.com,2026-01-13T13:50:15.400517,3
33bad17b-9206-4cfe-bffb-353363850f1d,Y8UBM,bernadina@outlook.com,2025-12-30T21:44:46.180435,0
65f76e9d-1022-4f03-b2e1-d3a907fd2f72,G9NSR,edythe@yahoo.com,2026-01-06T16:20:07.592179,2
d43d757c-3484-4a4e-8050-f7c78da3c139,WC6C8,barny@icloud.com,2026-01-04T13:55:40.361170,0
05cd6372-a828-4cab-a7ed-96354d76c8eb,MYDH3,tabbitha@gmail.com,2025-12-29T14:24:19.656038,0
8a7e0719-5d74-4938-a52c-bfa595328be7,LSJ3Q,ian@outlook.com,2026-01-08T19:33:53.021236,2
d8b0c0fa-71f3-4cb6-becf-9b460ab869b7,OZVUQ,aida@yahoo.com,2026-01-12T10:13:52.856281,1
3062f439-916d-4814-98de-c63a8fe1b739,0T4I3,asia@aol.com,2026-01-12T10:46:08.145458,4
573f8557-19ef-4449-8403-7ba805fe3e1b,07DEI,ikey@yahoo.com,2026-01-06T14:06:36.658217,5
fb1f3b0a-5278-41c9-a2cf-a2020b4aefe7,WU73G,jo@icloud.com,2026-01-06T17:01:26.819398,4
3e8ac7b7-0e2e-4d0d-bf8f-88e8a388b263,T0YJD,abbie@gmail.com,2026-01-01T21:09:25.927032,0
af58bff8-c367-40f8-89fe-2f3e9abb7e08,7KV0H,maxie@outlook.com,2026-01-10T20:36:49.005037,1
be15c964-bf04-4044-985e-e89c0bb21887,18N0Z,conan@aol.com,2026-01-04T11:34:23.660014,0
7c1b1387-2edc-4388-b024-bd28dc049a58,XZRJW,myrilla@icloud.com,2026-01-04T18:37:52.094591,0
7bc2a542-6288-4d09-9ec7-33cb2b050111,XPFLC,nolie@icloud.com,2025-12-30T19:04:31.028773,0
e3c65c11-3969-4b71-b158-35fff69d4e12,T1Q7K,emmey@yahoo.com,2025-12-22T21:24:06.001281,0
f83fc1f9-0211-4fe4-88f5-d5936f7ea04d,JDVTA,frankie@gmail.com,2026-01-15T13:43:20.347803,2
d5972e9f-6836-4177-87c7-cb5b9cceaac4,UION1,maryjane@yahoo.com,2026-01-11T19:43:58.973844,3
be54c6e9-1500-434c-a266-42d37a4922dd,OESIW,arliene@gmail.com,2026-01-15T15:31:14.886035,6
607aeaaa-81cd-481d-8a30-8c8e8860e428,16FHR,jesse@icloud.com,2026-01-15T14:39:23.000194,5
ca75f37f-5c1f-4539-baee-8141e0a72598,57AAF,eduard@outlook.com,2026-01-09T16:52:39.386482,1
4b9f46c8-cf84-42e6-a741-92a79b47eb3f,T8RN5,karee@icloud.com,2026-01-08T20:24:52.225509,3
81560593-a867-4f08-8f4a-ea9dd7941e41,3IDIL,reba@outlook.com,2025-12-12T14:15:38.053982,0
053e8bb1-1cdf-4647-8ccd-0d9c4758bb9a,CD2S8,von@yahoo.com,2026-01-12T20:51:24.181613,1
7ca5c8c6-d0cc-499a-a4d7-e2803dfce089,OL8KS,vaclav@gmail.com,2026-01-10T13:21:52.104112,5
14f2e4b7-f29a-4b38-b458-e1aa80c360bd,UT2MA,wallis@aol.com,2025-12-31T21:09:15.861523,0
076c62a1-18b2-497a-a33c-248a9a53f909,I702H,oralla@icloud.com,2026-01-12T20:14:39.029195,2
fb600e18-50c4-46b8-a04c-dcd6f425773e,7EZHL,mehetabel@aol.com,2026-01-12T15:36:46.027392,4
e5d0287c-312e-444c-bdd0-c9a1f92826ac,6Z74V,ardra@aol.com,2026-01-04T19:27:12.894974,0
259e3d08-af32-4e6d-bd10-226e949511cf,62LK8,vassili@aol.com,2026-01-13T13:42:33.874445,1
1d947073-1cd1-4d4f-b088-359435c3b661,0IM3A,aeriel@aol.com,2026-01-09T21:25:42.223863,5
2d968f58-53d9-4c87-a846-d6d1fb495c96,2DDV6,kaycee@yahoo.com,2026-01-12T19:38:33.142384,3
d3d0334a-6577-4c43-a114-21c9315cd008,SJIA9,latrena@aol.com,2026-01-01T13:53:02.122104,0
086dc84c-d64a-49a4-bae8-dd26aac91cc7,DOWHS,faunie@gmail.com,2026-01-06T14:56:56.093455,1
61cfa63a-4406-4ac5-9a84-0b5c5dc78f4c,9DNGX,caryn@outlook.com,2025-12-29T21:34:53.767442,0
c72abd56-4fa7-4c78-81eb-72b73bbd5c73,4X0UM,arnold@icloud.com,2026-01-04T21:28:30.838085,0
2d7434c0-dcee-4933-949f-529f5c4ad21e,UEB51,ardyth@icloud.com,2025-12-30T16:16:46.511742,0
3da7b524-bdef-4bfc-91d9-56576dcd4e12,BCRJX,zuzana@aol.com,2026-01-13T19:46:45.070614,1
08338320-bd3b-4d96-9304-520dd16445ac,E0H4T,abigael@outlook.com,2026-01-07T15:12:14.313263,1
602c9f0e-9bd1-4721-a240-508d594201e4,I0RFK,alpa@outlook.com,2026-01-07T12:58:25.139910,6
f2c2233c-d95e-4011-a2ae-8c127393355b,BD9RC,kelley@aol.com,2026-01-14T20:49:29.910864,3
02566bc0-d447-4127-a25c-993bc88ee7a7,AHLA8,perri@yahoo.com,2025-12-30T20:05:03.107650,0
a919ea3e-3fb7-4c31-9ec4-4573f3b8e8ae,3CTAD,salvidor@gmail.com,2025-12-30T16:00:55.072050,0
169f4507-be5e-4a32-add9-6f60aa238531,57MD2,lucian@yahoo.com,2026-01-11T20:12:37.042571,5
934eae59-91cf-4c40-935e-b24f48009a5b,9HIXZ,jaquith@yahoo.com,2026-01-04T10:09:46.737977,0
d15e9e92-2318-4028-b798-56b079aa89e2,BJKGB,gretna@aol.com,2025-12-28T21:39:30.828186,0
a22f3182-d00c-444b-bb6b-bf06c3358104,7G9SU,rivkah@icloud.com,2025-12-30T20:37:30.488194,0
df2b0081-d33e-4f4a-882a-c448e49c92fe,DEDVU,jacenta@gmail.com,2026-01-06T19:59:31.230290,2
3ca681e3-aa3b-4801-a95e-a6bfaa2466f5,VPJGT,dorisa@yahoo.com,2025-12-23T20:59:49.436444,0
61009be5-a9c2-4e21-9b32-eacdba8621a5,FZ14J,jenn@yahoo.com,2025-12-30T19:42:52.575721,0
e7fb81ac-9e9c-41fc-ac4a-1da43f740474,UTQI9,mitzi@aol.com,2026-01-15T21:30:41.708946,7
ab93f631-dde9-4136-a63b-2e426302d1a9,ER5OD,dore@outlook.com,2026-01-09T19:19:06.899542,12
2377dfe0-32a9-4529-9d4f-f18e745ecb1f,1B0PD,aliza@icloud.com,2026-01-14T10:31:08.412556,1
f279b4fb-eee9-4bb1-aff6-58d287d3523a,YJI3O,marquita@icloud.com,2026-01-10T20:17:15.373386,3
d39aaeaf-fd15-4c77-a84d-9a23352f77b3,NGIS5,danell@icloud.com,2026-01-07T20:28:51.256942,1
5198942d-003e-4f7c-8f79-c9f15d6047a1,1LOXF,maegan@gmail.com,2025-12-29T21:13:24.876268,0
52aaf8cb-8eb4-4b36-a2ce-3ce0105cd275,SICMH,edwina@gmail.com,2026-01-07T19:32:27.065202,4
d3ebe145-194a-405f-94ca-4bb6aab99dcd,JJA2M,lacee@yahoo.com,2026-01-04T21:34:34.212973,0
